mapa          , algoritmo, seed, ancho, alto, n_spawns, turno_quema_salida, max_turnos, evacuados, muertos, n_agentes, turnos_ultimo, costo_congestion, tiempo_algoritmo_seg  , tiempo_total_seg
cuello_botella, BFS      ,    0,    50,   50,       45,                300,        301,        29,      16,        45,            68,            464.0,   0.9190550000057556  ,   1.0808533999952488
cuello_botella, BFS      ,    1,    50,   50,       45,                320,        321,        19,      26,        45,            67,            528.0,   2.4677885999553837  ,   2.631387200031895
cuello_botella, BFS      ,    2,    50,   50,       45,                330,        331,        32,      13,        45,           114,            557.0,   1.0841427000123076  ,   1.2467998000211082
cuello_botella, BFS      ,    3,    50,   50,       45,                255,        256,        42,       3,        45,            81,            975.0,   0.6932636999990791  ,   0.8513615999836475
cuello_botella, BFS      ,    4,    50,   50,       45,                400,        401,        45,       0,        45,           100,           1794.0,   1.436674500000663   ,   1.603812100016512
cuello_botella, BFS      ,    5,    50,   50,       45,                445,        446,        44,       1,        45,           118,           1339.0,   1.5687709000194445  ,   1.732561299984809
cuello_botella, BFS      ,    6,    50,   50,       45,                295,        296,        22,      23,        45,            80,            967.0,   1.6763959000236355  ,   1.8292268000077456
cuello_botella, BFS      ,    7,    50,   50,       45,                275,        276,        45,       0,        45,            83,            900.0,   0.700360200018622   ,   0.852597099961713
cuello_botella, BFS      ,    8,    50,   50,       45,                250,        251,        45,       0,        45,            81,           1131.0,   0.8134824000298977  ,   0.9754352999734692
cuello_botella, BFS      ,    9,    50,   50,       45,                360,        361,        44,       1,        45,           132,           3067.0,   1.55180700001074    ,   1.7053856999846175
cuello_botella, BFS      ,   10,    50,   50,       45,                275,        276,        45,       0,        45,            86,            595.0,   0.6601235000416636  ,   0.8109207000234164
cuello_botella, BFS      ,   11,    50,   50,       45,                310,        311,        45,       0,        45,            70,            786.0,   0.6599368999595754  ,   0.8199299999978393
cuello_botella, BFS      ,   12,    50,   50,       45,                440,        441,        42,       3,        45,           118,           1602.0,   0.943406899983529   ,   1.0918541999999434
cuello_botella, BFS      ,   13,    50,   50,       45,                510,        511,        44,       1,        45,           134,           1020.0,   1.422715299995616   ,   1.5763113000430167
cuello_botella, BFS      ,   14,    50,   50,       45,                400,        401,        44,       1,        45,            92,           1441.0,   0.6803148000035435  ,   0.8356933000031859
cuello_botella, BFS      ,   15,    50,   50,       45,                365,        366,        45,       0,        45,            91,            872.0,   0.9827107000164688  ,   1.129206899960991
cuello_botella, BFS      ,   16,    50,   50,       45,                340,        341,        45,       0,        45,           118,           1317.0,   1.2529196999967098  ,   1.4160297999624163
cuello_botella, BFS      ,   17,    50,   50,       45,                295,        296,        45,       0,        45,            84,           1131.0,   0.8608475999790244  ,   1.023730099957902
cuello_botella, BFS      ,   18,    50,   50,       45,                260,        261,        45,       0,        45,           109,           1506.0,   0.803077700024005   ,   0.9613401000387967
cuello_botella, BFS      ,   19,    50,   50,       45,                395,        396,        45,       0,        45,            96,           1986.0,   1.0521009000367485  ,   1.2022625000099652
cuello_botella, BFS      ,   20,    50,   50,       45,                250,        251,        45,       0,        45,            86,            657.0,   0.8078995000105351  ,   0.960155599983409
cuello_botella, BFS      ,   21,    50,   50,       45,                350,        351,        34,      11,        45,            90,           1443.0,   1.0297812000499107  ,   1.1761180000030436
cuello_botella, BFS      ,   22,    50,   50,       45,                310,        311,        41,       4,        45,            93,           2044.0,   0.7531059000175446  ,   0.904905500006862
cuello_botella, BFS      ,   23,    50,   50,       45,                430,        431,        39,       6,        45,            86,            529.0,   0.8241579000023194  ,   0.9789740999694914
cuello_botella, BFS      ,   24,    50,   50,       45,                370,        371,        33,      12,        45,            95,            760.0,   0.7809934000251815  ,   0.9403011000249535
cuello_botella, BFS      ,   25,    50,   50,       45,                390,        391,        45,       0,        45,            84,            321.0,   0.7732233999995515  ,   0.9370174999930896
cuello_botella, BFS      ,   26,    50,   50,       45,                350,        351,        45,       0,        45,            73,            556.0,   0.6788478000089526  ,   0.8390456999768503
cuello_botella, BFS      ,   27,    50,   50,       45,                455,        456,        45,       0,        45,           100,           1791.0,   0.9454124999465421  ,   1.1011424000025727
cuello_botella, BFS      ,   28,    50,   50,       45,                280,        281,        44,       1,        45,            87,           1059.0,   0.859860899974592   ,   1.0095087999943644
cuello_botella, BFS      ,   29,    50,   50,       45,                265,        266,        40,       5,        45,           129,           2001.0,   1.2074132999987341  ,   1.3652865000185557
cuello_botella, BFS      ,   30,    50,   50,       45,                470,        471,        45,       0,        45,            96,            743.0,   1.038716699986253   ,   1.1957131000235677
cuello_botella, BFS      ,   31,    50,   50,       45,                560,        561,        45,       0,        45,           124,            858.0,   1.2705841999850236  ,   1.4208086999715306
cuello_botella, BFS      ,   32,    50,   50,       45,                225,        226,        43,       2,        45,            76,            510.0,   0.6779992000083439  ,   0.8362712999805808
cuello_botella, BFS      ,   33,    50,   50,       45,                405,        406,        45,       0,        45,            93,           1724.0,   0.9905853999662213  ,   1.140445000026375
cuello_botella, BFS      ,   34,    50,   50,       45,                415,        416,        45,       0,        45,           108,           1650.0,   1.4484501999686472  ,   1.617651900043711
cuello_botella, BFS      ,   35,    50,   50,       45,                350,        351,        45,       0,        45,            84,            821.0,   0.9863627000013366  ,   1.1567017000052147
cuello_botella, BFS      ,   36,    50,   50,       45,                315,        316,        40,       5,        45,            85,           1030.0,   0.8197811000281945  ,   0.9718343999702483
cuello_botella, BFS      ,   37,    50,   50,       45,                340,        341,        45,       0,        45,            80,            911.0,   0.6094610000145622  ,   0.7643301999778487
cuello_botella, BFS      ,   38,    50,   50,       45,                320,        321,        43,       2,        45,            70,            679.0,   0.6374016999616288  ,   0.7993136000004597
cuello_botella, BFS      ,   39,    50,   50,       45,                230,        231,        44,       1,        45,            88,            743.0,   0.8095805000048131  ,   0.9664792999974452
cuello_botella, BFS      ,   40,    50,   50,       45,                255,        256,        45,       0,        45,            71,            665.0,   0.6453902000212111  ,   0.8051683999947272
cuello_botella, BFS      ,   41,    50,   50,       45,                315,        316,        45,       0,        45,            85,           1858.0,   0.9910216999705881  ,   1.146744600031525
cuello_botella, BFS      ,   42,    50,   50,       45,                360,        361,        45,       0,        45,            81,           1344.0,   0.7962765999836847  ,   0.9514868999831378
cuello_botella, BFS      ,   43,    50,   50,       45,                315,        316,        45,       0,        45,            82,            901.0,   0.7623852000106126  ,   0.9122789000393823
cuello_botella, BFS      ,   44,    50,   50,       45,                255,        256,        45,       0,        45,            78,            373.0,   0.6664854999980889  ,   0.8314871999900788
cuello_botella, BFS      ,   45,    50,   50,       45,                235,        236,        42,       3,        45,           107,            778.0,   0.7237327999901026  ,   0.8864816999994218
cuello_botella, BFS      ,   46,    50,   50,       45,                320,        321,        45,       0,        45,            81,           1094.0,   0.6823497000150383  ,   0.8397572999820113
cuello_botella, BFS      ,   47,    50,   50,       45,                415,        416,        45,       0,        45,            92,           2631.0,   1.223172899975907   ,   1.390988000028301
cuello_botella, BFS      ,   48,    50,   50,       45,                405,        406,        45,       0,        45,            93,            673.0,   0.8461232000263408  ,   1.000861199980136
cuello_botella, BFS      ,   49,    50,   50,       45,                460,        461,        45,       0,        45,            98,           1090.0,   1.0668986999662593  ,   1.2214782999944873
cuello_botella, BFS      ,   50,    50,   50,       45,                250,        251,        45,       0,        45,            75,            759.0,   0.6510963000473566  ,   0.8363509000046179
cuello_botella, BFS      ,   51,    50,   50,       45,                280,        281,        45,       0,        45,            74,            764.0,   0.5978993999888189  ,   0.7634056000388227
cuello_botella, BFS      ,   52,    50,   50,       45,                285,        286,        45,       0,        45,            74,            871.0,   0.6147695000399835  ,   0.7709135999903083
cuello_botella, BFS      ,   53,    50,   50,       45,                300,        301,        40,       5,        45,           148,            867.0,   1.0401213999721222  ,   1.2058827999862842
cuello_botella, BFS      ,   54,    50,   50,       45,                285,        286,        44,       1,        45,            85,            976.0,   0.8872191999689676  ,   1.0530816999962553
cuello_botella, BFS      ,   55,    50,   50,       45,                235,        236,        24,      21,        45,            95,            845.0,   2.032387599989306   ,   2.183759799983818
cuello_botella, BFS      ,   56,    50,   50,       45,                380,        381,        44,       1,        45,            77,            992.0,   0.5857972999801859  ,   0.7392714999732561
cuello_botella, BFS      ,   57,    50,   50,       45,                385,        386,        45,       0,        45,            81,            796.0,   0.6677882000221871  ,   0.8201773999608122
cuello_botella, BFS      ,   58,    50,   50,       45,                470,        471,        45,       0,        45,           104,           1175.0,   0.8205522999633104  ,   0.9688308000331745
cuello_botella, BFS      ,   59,    50,   50,       45,                275,        276,        43,       2,        45,            87,            503.0,   0.7434794000000693  ,   0.8982428999734111
cuello_botella, BFS      ,   60,    50,   50,       45,                300,        301,        45,       0,        45,            67,            747.0,   0.6422611000016332  ,   0.8028812000411563
cuello_botella, BFS      ,   61,    50,   50,       45,                280,        281,        32,      13,        45,           120,           2591.0,   1.5535046000150032  ,   1.7033173000090756
cuello_botella, BFS      ,   62,    50,   50,       45,                305,        306,        42,       3,        45,            84,            923.0,   0.735566099989228   ,   0.8848563999636099
cuello_botella, BFS      ,   63,    50,   50,       45,                365,        366,        44,       1,        45,            82,            762.0,   0.8792283000075258  ,   1.0426962000201456
cuello_botella, BFS      ,   64,    50,   50,       45,                280,        281,        45,       0,        45,            96,            584.0,   0.628654700005427   ,   0.7750066999578848
cuello_botella, BFS      ,   65,    50,   50,       45,                310,        311,        45,       0,        45,            75,           1818.0,   0.8598812999553047  ,   1.0184140000492334
cuello_botella, BFS      ,   66,    50,   50,       45,                350,        351,        45,       0,        45,            77,           1920.0,   0.8228304000222124  ,   0.9831184999784455
cuello_botella, BFS      ,   67,    50,   50,       45,                250,        251,        44,       1,        45,            99,            467.0,   0.630191600008402   ,   0.7848500999971293
cuello_botella, BFS      ,   68,    50,   50,       45,                330,        331,        36,       9,        45,           100,           1376.0,   1.1696599000133574  ,   1.3216300999629311
cuello_botella, BFS      ,   69,    50,   50,       45,                375,        376,        45,       0,        45,            90,           1275.0,   0.9086792999878526  ,   1.0608866999973543
cuello_botella, BFS      ,   70,    50,   50,       45,                365,        366,        45,       0,        45,            85,           1139.0,   0.976558800030034   ,   1.139442500018049
cuello_botella, BFS      ,   71,    50,   50,       45,                255,        256,        43,       2,        45,            78,            848.0,   0.8092448999523185  ,   0.9667539999936707
cuello_botella, BFS      ,   72,    50,   50,       45,                250,        251,        43,       2,        45,           108,            995.0,   0.45736220001708716 ,   0.6081630000262521
cuello_botella, BFS      ,   73,    50,   50,       45,                255,        256,        45,       0,        45,            83,           1148.0,   0.8294280999689363  ,   0.9891576000372879
cuello_botella, BFS      ,   74,    50,   50,       45,                355,        356,        45,       0,        45,            84,            952.0,   0.9330166999716312  ,   1.0952666999655776
cuello_botella, BFS      ,   75,    50,   50,       45,                305,        306,        45,       0,        45,            86,           2036.0,   0.9112213999615051  ,   1.068804899987299
cuello_botella, BFS      ,   76,    50,   50,       45,                260,        261,        44,       1,        45,            77,            409.0,   0.6949323000153527  ,   0.8606567000388168
cuello_botella, BFS      ,   77,    50,   50,       45,                420,        421,        45,       0,        45,           130,           1825.0,   1.7897578999982215  ,   1.952079800015781
cuello_botella, BFS      ,   78,    50,   50,       45,                345,        346,        40,       5,        45,            98,           1075.0,   1.1687009999877773  ,   1.3265209000092
cuello_botella, BFS      ,   79,    50,   50,       45,                400,        401,        43,       2,        45,            83,            728.0,   0.7263028000015765  ,   0.9099267999990843
cuello_botella, BFS      ,   80,    50,   50,       45,                435,        436,        45,       0,        45,           112,            896.0,   1.3701634000171907  ,   1.5361142000183463
cuello_botella, BFS      ,   81,    50,   50,       45,                415,        416,        45,       0,        45,            89,            698.0,   0.7031535999849439  ,   0.8645962000009604
cuello_botella, BFS      ,   82,    50,   50,       45,                275,        276,        43,       2,        45,            93,            610.0,   0.7706173000042327  ,   0.9317473000264727
cuello_botella, BFS      ,   83,    50,   50,       45,                240,        241,        40,       5,        45,            72,            958.0,   0.6253413999802433  ,   0.7824003000278026
cuello_botella, BFS      ,   84,    50,   50,       45,                425,        426,        45,       0,        45,           114,           3007.0,   1.4096297000069171  ,   1.5557307999697514
cuello_botella, BFS      ,   85,    50,   50,       45,                550,        551,        42,       3,        45,           127,           2279.0,   1.6265329000307247  ,   1.786686200008262
cuello_botella, BFS      ,   86,    50,   50,       45,                225,        226,        44,       1,        45,           106,            764.0,   0.75403459998779    ,   0.9098567999899387
cuello_botella, BFS      ,   87,    50,   50,       45,                260,        261,        44,       1,        45,            70,           1142.0,   0.7399219000362791  ,   0.9003110000048764
cuello_botella, BFS      ,   88,    50,   50,       45,                335,        336,        38,       7,        45,           109,           1603.0,   1.1171035000006668  ,   1.2765877000056207
cuello_botella, BFS      ,   89,    50,   50,       45,                265,        266,        42,       3,        45,            91,           1101.0,   0.640205200004857   ,   0.7983927000313997
cuello_botella, BFS      ,   90,    50,   50,       45,                265,        266,        45,       0,        45,            76,            459.0,   0.7085219000000507  ,   0.8752516999957152
cuello_botella, BFS      ,   91,    50,   50,       45,                360,        361,        45,       0,        45,            94,           1527.0,   0.7968179999734275  ,   0.9460062999860384
cuello_botella, BFS      ,   92,    50,   50,       45,                370,        371,        44,       1,        45,           106,           1244.0,   1.3471533000119962  ,   1.5151780999731272
cuello_botella, BFS      ,   93,    50,   50,       45,                370,        371,        45,       0,        45,            89,            763.0,   0.881791100022383   ,   1.0383096999721602
cuello_botella, BFS      ,   94,    50,   50,       45,                490,        491,        35,      10,        45,            97,           1600.0,   1.1145231000264175  ,   1.2711705000256188
cuello_botella, BFS      ,   95,    50,   50,       45,                275,        276,        45,       0,        45,           107,            550.0,   0.9104335999581963  ,   1.067763900035061
cuello_botella, BFS      ,   96,    50,   50,       45,                275,        276,        45,       0,        45,            99,           1328.0,   1.057650199974887   ,   1.217880200012587
cuello_botella, BFS      ,   97,    50,   50,       45,                380,        381,        45,       0,        45,            89,           1721.0,   1.1077351000276394  ,   1.2720829999889247
cuello_botella, BFS      ,   98,    50,   50,       45,                335,        336,        45,       0,        45,            88,            822.0,   0.5866138000274077  ,   0.7439023000188172
cuello_botella, BFS      ,   99,    50,   50,       45,                260,        261,        44,       1,        45,            75,           1611.0,   0.7217601999873295  ,   0.8824876000289805
cuello_botella, BFS      ,  100,    50,   50,       45,                340,        341,        41,       4,        45,            94,           1656.0,   1.0213703999761492  ,   1.2221035999828018
cuello_botella, BFS      ,  101,    50,   50,       45,                465,        466,        45,       0,        45,            99,           1373.0,   1.6714419999625534  ,   1.858841700013727
cuello_botella, BFS      ,  102,    50,   50,       45,                315,        316,        45,       0,        45,            91,           2120.0,   1.1455619999906048  ,   1.3529349999735132
cuello_botella, BFS      ,  103,    50,   50,       45,                335,        336,        45,       0,        45,            92,           1689.0,   0.9859223000239581  ,   1.1525933999801055
cuello_botella, BFS      ,  104,    50,   50,       45,                335,        336,        44,       1,        45,           107,           1302.0,   1.2096251000184566  ,   1.4045827999943867
cuello_botella, BFS      ,  105,    50,   50,       45,                360,        361,        45,       0,        45,            89,            793.0,   0.868700799997896   ,   1.0548230999847874
cuello_botella, BFS      ,  106,    50,   50,       45,                290,        291,        44,       1,        45,            74,           1850.0,   0.7899613999761641  ,   0.957930899981875
cuello_botella, BFS      ,  107,    50,   50,       45,                330,        331,        45,       0,        45,            77,            677.0,   0.6427278000046499  ,   0.8019453000160865
cuello_botella, BFS      ,  108,    50,   50,       45,                385,        386,        45,       0,        45,            90,            991.0,   0.8685742000234313  ,   1.0514756999909878
cuello_botella, BFS      ,  109,    50,   50,       45,                365,        366,        45,       0,        45,           107,           1714.0,   1.475296399963554   ,   1.630795000004582
cuello_botella, BFS      ,  110,    50,   50,       45,                270,        271,        45,       0,        45,            84,            789.0,   0.76833379996242    ,   0.9311242999974638
cuello_botella, BFS      ,  111,    50,   50,       45,                325,        326,        45,       0,        45,            87,           1365.0,   0.9666830000351183  ,   1.1597246000310406
cuello_botella, BFS      ,  112,    50,   50,       45,                335,        336,        45,       0,        45,            90,           1235.0,   1.1790030999691226  ,   1.3487622000393458
cuello_botella, BFS      ,  113,    50,   50,       45,                375,        376,        45,       0,        45,            90,           1187.0,   1.0164509000023827  ,   1.1983329999493435
cuello_botella, BFS      ,  114,    50,   50,       45,                400,        401,         0,      45,        45,              ,           2223.0,   7.70400410000002    ,   7.882876799965743
cuello_botella, BFS      ,  115,    50,   50,       45,                320,        321,        43,       2,        45,           102,            990.0,   1.117685800010804   ,   1.2789235999807715
cuello_botella, BFS      ,  116,    50,   50,       45,                375,        376,        44,       1,        45,           102,           1505.0,   1.253607400052715   ,   1.4078221999807283
cuello_botella, BFS      ,  117,    50,   50,       45,                355,        356,        45,       0,        45,            79,            744.0,   0.8207252000574954  ,   0.9804488000227138
cuello_botella, BFS      ,  118,    50,   50,       45,                345,        346,        45,       0,        45,            92,           1281.0,   1.0141311999759637  ,   1.1779949000338092
cuello_botella, BFS      ,  119,    50,   50,       45,                410,        411,        41,       4,        45,           112,           2147.0,   1.4445927999913692  ,   1.6076476000016555
cuello_botella, DFS      ,    0,    50,   50,       45,                300,        301,         9,      36,        45,           276,           1519.0,   1.5604989000130445  ,   1.7115484999958426
cuello_botella, DFS      ,    1,    50,   50,       45,                320,        321,         0,      45,        45,              ,            191.0,   3.147982500027865   ,   3.3053435999900103
cuello_botella, DFS      ,    2,    50,   50,       45,                330,        331,         2,      43,        45,           296,            619.0,   1.359319199982565   ,   1.5217879000119865
cuello_botella, DFS      ,    3,    50,   50,       45,                255,        256,         0,      45,        45,              ,           2713.0,   1.7123942999751307  ,   1.8718329000403173
cuello_botella, DFS      ,    4,    50,   50,       45,                400,        401,         0,      45,        45,              ,           6651.0,   1.9992575999931432  ,   2.164813699957449
cuello_botella, DFS      ,    5,    50,   50,       45,                445,        446,         0,      45,        45,              ,          17937.0,   2.3509381000185385  ,   2.516581200005021
cuello_botella, DFS      ,    6,    50,   50,       45,                295,        296,         0,      45,        45,              ,           2786.0,   2.556853800022509   ,   2.713252299989108
cuello_botella, DFS      ,    7,    50,   50,       45,                275,        276,         1,      44,        45,           241,          10802.0,   2.243910299963318   ,   2.397582799952943
cuello_botella, DFS      ,    8,    50,   50,       45,                250,        251,         2,      43,        45,           180,           1976.0,   2.558553499984555   ,   2.7448409000062384
cuello_botella, DFS      ,    9,    50,   50,       45,                360,        361,         0,      45,        45,              ,            660.0,   2.583036700030789   ,   2.7415011000121012
cuello_botella, DFS      ,   10,    50,   50,       45,                275,        276,         0,      45,        45,              ,           2070.0,   3.270103699993342   ,   3.4277608999982476
cuello_botella, DFS      ,   11,    50,   50,       45,                310,        311,         6,      39,        45,           238,           3376.0,   2.4973433999693953  ,   2.812269299989566
cuello_botella, DFS      ,   12,    50,   50,       45,                440,        441,         6,      39,        45,           380,           4163.0,   2.009892200003378   ,   2.2032260000123642
cuello_botella, DFS      ,   13,    50,   50,       45,                510,        511,         7,      38,        45,           484,          11062.0,   4.016099700005725   ,   4.205037900013849
cuello_botella, DFS      ,   14,    50,   50,       45,                400,        401,         0,      45,        45,              ,           2285.0,   3.779886400036048   ,   3.95187829999486
cuello_botella, DFS      ,   15,    50,   50,       45,                365,        366,         0,      45,        45,              ,           3937.0,   2.2765209000208415  ,   2.4331687000230886
cuello_botella, DFS      ,   16,    50,   50,       45,                340,        341,         0,      45,        45,              ,           2682.0,   3.5643469999777153  ,   3.7271303000161424
cuello_botella, DFS      ,   17,    50,   50,       45,                295,        296,         0,      45,        45,              ,           3001.0,   3.034149900020566   ,   3.19961140002124
cuello_botella, DFS      ,   18,    50,   50,       45,                260,        261,         2,      43,        45,           172,           2936.0,   1.4440357999992557  ,   1.6024801000021398
cuello_botella, DFS      ,   19,    50,   50,       45,                395,        396,         0,      45,        45,              ,           3544.0,   4.359199400001671   ,   4.515928900043946
cuello_botella, DFS      ,   20,    50,   50,       45,                250,        251,         1,      44,        45,           154,            586.0,   1.850354399997741   ,   2.006277200009208
cuello_botella, DFS      ,   21,    50,   50,       45,                350,        351,         9,      36,        45,           306,          11078.0,   2.4419617999810725  ,   2.594172300014179
cuello_botella, DFS      ,   22,    50,   50,       45,                310,        311,         0,      45,        45,              ,            810.0,   1.3268398999935016  ,   1.4815057999803685
cuello_botella, DFS      ,   23,    50,   50,       45,                430,        431,        12,      33,        45,           326,           5859.0,   1.3182434000191279  ,   1.4744050999870524
cuello_botella, DFS      ,   24,    50,   50,       45,                370,        371,         1,      44,        45,           312,           2743.0,   1.637944400019478   ,   1.7913491999497637
cuello_botella, DFS      ,   25,    50,   50,       45,                390,        391,         5,      40,        45,           376,           2511.0,   3.292999700002838   ,   3.45483860000968
cuello_botella, DFS      ,   26,    50,   50,       45,                350,        351,         0,      45,        45,              ,          12555.0,   2.6160957000101916  ,   2.780289600021206
cuello_botella, DFS      ,   27,    50,   50,       45,                455,        456,        13,      32,        45,           417,          25662.0,   3.2721002000034787  ,   3.424552600015886
cuello_botella, DFS      ,   28,    50,   50,       45,                280,        281,         7,      38,        45,           262,           4371.0,   5.9114673000294715  ,   6.066261600004509
cuello_botella, DFS      ,   29,    50,   50,       45,                265,        266,         0,      45,        45,              ,            907.0,   3.418515900033526   ,   3.5767963000107557
cuello_botella, DFS      ,   30,    50,   50,       45,                470,        471,         8,      37,        45,           434,          16124.0,   2.7333690999657847  ,   2.8888498000451364
cuello_botella, DFS      ,   31,    50,   50,       45,                560,        561,         0,      45,        45,              ,          23533.0,   3.4700762000284158  ,   3.624912300030701
cuello_botella, DFS      ,   32,    50,   50,       45,                225,        226,         3,      42,        45,           199,           3164.0,   1.2889534999849275  ,   1.4443523999652825
cuello_botella, DFS      ,   33,    50,   50,       45,                405,        406,         6,      39,        45,           375,           7122.0,   2.609593700035475   ,   2.76196129998425
cuello_botella, DFS      ,   34,    50,   50,       45,                415,        416,         1,      44,        45,           377,           2782.0,   3.5094533000374213  ,   3.6717103000264615
cuello_botella, DFS      ,   35,    50,   50,       45,                350,        351,         0,      45,        45,              ,           5102.0,   2.7524001999991015  ,   2.9230271000415087
cuello_botella, DFS      ,   36,    50,   50,       45,                315,        316,         0,      45,        45,              ,           3067.0,   1.4537706000264734  ,   1.607101599976886
cuello_botella, DFS      ,   37,    50,   50,       45,                340,        341,         2,      43,        45,            50,           3450.0,   2.4060805999906734  ,   2.570834100013599
cuello_botella, DFS      ,   38,    50,   50,       45,                320,        321,        17,      28,        45,           280,           5631.0,   1.1944371999707073  ,   1.3533532000146806
cuello_botella, DFS      ,   39,    50,   50,       45,                230,        231,         0,      45,        45,              ,           1461.0,   2.6710037000011653  ,   2.8266898000147194
cuello_botella, DFS      ,   40,    50,   50,       45,                255,        256,         3,      42,        45,           229,           2198.0,   2.5160527999978513  ,   2.680655400035903
cuello_botella, DFS      ,   41,    50,   50,       45,                315,        316,         0,      45,        45,              ,           2738.0,   2.934073399985209   ,   3.089464999968186
cuello_botella, DFS      ,   42,    50,   50,       45,                360,        361,        11,      34,        45,           352,           6382.0,   1.0585193000151776  ,   1.2121184999705292
cuello_botella, DFS      ,   43,    50,   50,       45,                315,        316,         8,      37,        45,           287,           4576.0,   1.0389949000091292  ,   1.1881117000011727
cuello_botella, DFS      ,   44,    50,   50,       45,                255,        256,         0,      45,        45,              ,           2394.0,   1.1656776000163518  ,   1.3241089999792166
cuello_botella, DFS      ,   45,    50,   50,       45,                235,        236,         0,      45,        45,              ,           1929.0,   1.5471414999919944  ,   1.7045416999608278
cuello_botella, DFS      ,   46,    50,   50,       45,                320,        321,         0,      45,        45,              ,           3524.0,   2.648241200018674   ,   2.804786699998658
cuello_botella, DFS      ,   47,    50,   50,       45,                415,        416,         0,      45,        45,              ,           3321.0,   2.2413716000155546  ,   2.4090795000083745
cuello_botella, DFS      ,   48,    50,   50,       45,                405,        406,        20,      25,        45,           353,          11451.0,   1.7866351999691688  ,   1.9396067999769002
cuello_botella, DFS      ,   49,    50,   50,       45,                460,        461,        10,      35,        45,           426,          15738.0,   2.3050985000445507  ,   2.461557000002358
cuello_botella, DFS      ,   50,    50,   50,       45,                250,        251,         0,      45,        45,              ,           2717.0,   1.6803830999997444  ,   1.8435068000108004
cuello_botella, DFS      ,   51,    50,   50,       45,                280,        281,         4,      41,        45,           254,           2271.0,   3.2737802999909036  ,   3.46306259999983
cuello_botella, DFS      ,   52,    50,   50,       45,                285,        286,         6,      39,        45,           247,           1149.0,   1.4356932999799028  ,   1.595149999950081
cuello_botella, DFS      ,   53,    50,   50,       45,                300,        301,         0,      45,        45,              ,           7297.0,   1.7262314999825321  ,   1.8891211999580264
cuello_botella, DFS      ,   54,    50,   50,       45,                285,        286,         3,      42,        45,           255,           2181.0,   2.931368099991232   ,   3.0951181999989785
cuello_botella, DFS      ,   55,    50,   50,       45,                235,        236,         0,      45,        45,              ,           1259.0,   3.846928399987519   ,   4.000033600023016
cuello_botella, DFS      ,   56,    50,   50,       45,                380,        381,         9,      36,        45,           280,           2856.0,   4.839761200011708   ,   4.994697400019504
cuello_botella, DFS      ,   57,    50,   50,       45,                385,        386,        19,      26,        45,           353,          15972.0,   3.4796605999581516  ,   3.630828399967868
cuello_botella, DFS      ,   58,    50,   50,       45,                470,        471,        11,      34,        45,           420,          23637.0,   3.602592499984894   ,   3.749937399988994
cuello_botella, DFS      ,   59,    50,   50,       45,                275,        276,         2,      43,        45,           269,          10434.0,   0.7272871999884956  ,   0.8842446000198834
cuello_botella, DFS      ,   60,    50,   50,       45,                300,        301,         0,      45,        45,              ,           4258.0,   3.1367571999435313  ,   3.303691399982199
cuello_botella, DFS      ,   61,    50,   50,       45,                280,        281,         0,      45,        45,              ,           1064.0,   6.079987000033725   ,   6.230758499994408
cuello_botella, DFS      ,   62,    50,   50,       45,                305,        306,         4,      41,        45,           275,           3281.0,   0.9769767000107095  ,   1.1261946000158787
cuello_botella, DFS      ,   63,    50,   50,       45,                365,        366,        15,      30,        45,           298,          13864.0,   1.5798839000053704  ,   1.7414796999655664
cuello_botella, DFS      ,   64,    50,   50,       45,                280,        281,         1,      44,        45,           260,          16998.0,   3.2421476999879815  ,   3.3903968000086024
cuello_botella, DFS      ,   65,    50,   50,       45,                310,        311,         2,      43,        45,           302,           3656.0,   2.7238018000498414  ,   2.882559699995909
cuello_botella, DFS      ,   66,    50,   50,       45,                350,        351,         0,      45,        45,              ,           1729.0,   1.256109000009019   ,   1.4114473999943584
cuello_botella, DFS      ,   67,    50,   50,       45,                250,        251,         0,      45,        45,              ,           1945.0,   2.971592799993232   ,   3.1269908999674954
cuello_botella, DFS      ,   68,    50,   50,       45,                330,        331,         0,      45,        45,              ,            662.0,   2.102887900022324   ,   2.2562417999724858
cuello_botella, DFS      ,   69,    50,   50,       45,                375,        376,         0,      45,        45,              ,          10529.0,   2.0925190999987535  ,   2.243440099991858
cuello_botella, DFS      ,   70,    50,   50,       45,                365,        366,         6,      39,        45,           339,           7832.0,   2.5035597999813035  ,   2.6619963999837637
cuello_botella, DFS      ,   71,    50,   50,       45,                255,        256,         3,      42,        45,           223,           2011.0,   1.4190213999827392  ,   1.585181600006763
cuello_botella, DFS      ,   72,    50,   50,       45,                250,        251,        11,      34,        45,           201,           1914.0,   1.0771816999767907  ,   1.2263090999913402
cuello_botella, DFS      ,   73,    50,   50,       45,                255,        256,         0,      45,        45,              ,           4665.0,   2.6001569999498315  ,   2.7594550999929197
cuello_botella, DFS      ,   74,    50,   50,       45,                355,        356,         6,      39,        45,           321,           1502.0,   2.5856188999605365  ,   2.744982299976982
cuello_botella, DFS      ,   75,    50,   50,       45,                305,        306,         4,      41,        45,           211,           5609.0,   1.8678186999750324  ,   2.0458909000153653
cuello_botella, DFS      ,   76,    50,   50,       45,                260,        261,         0,      45,        45,              ,           7727.0,   3.3980362999718636  ,   3.5639789000269957
cuello_botella, DFS      ,   77,    50,   50,       45,                420,        421,         2,      43,        45,           382,           3800.0,   4.200448299990967   ,   4.354084599995986
cuello_botella, DFS      ,   78,    50,   50,       45,                345,        346,         1,      44,        45,           327,           1495.0,   3.135326499992516   ,   3.2946703999768943
cuello_botella, DFS      ,   79,    50,   50,       45,                400,        401,         5,      40,        45,           388,           8697.0,   2.142941099999007   ,   2.3017642000340857
cuello_botella, DFS      ,   80,    50,   50,       45,                435,        436,         0,      45,        45,              ,          10245.0,   3.6380036000045948  ,   3.803390800021589
cuello_botella, DFS      ,   81,    50,   50,       45,                415,        416,         0,      45,        45,              ,          14529.0,   5.828261099988595   ,   5.987097800010815
cuello_botella, DFS      ,   82,    50,   50,       45,                275,        276,         2,      43,        45,           241,           1039.0,   1.80441179999616    ,   1.9622648000367917
cuello_botella, DFS      ,   83,    50,   50,       45,                240,        241,         5,      40,        45,           206,           1405.0,   2.0946001000120305  ,   2.25488519994542
cuello_botella, DFS      ,   84,    50,   50,       45,                425,        426,         9,      36,        45,           377,          10612.0,   1.0774432999896817  ,   1.225420699978713
cuello_botella, DFS      ,   85,    50,   50,       45,                550,        551,         1,      44,        45,           496,           1108.0,   2.3726274999789894  ,   2.5345690000103787
cuello_botella, DFS      ,   86,    50,   50,       45,                225,        226,         1,      44,        45,           215,           8058.0,   3.3499892000108957  ,   3.5075085000135005
cuello_botella, DFS      ,   87,    50,   50,       45,                260,        261,         0,      45,        45,              ,           1237.0,   1.7626550999702886  ,   1.9220709000364877
cuello_botella, DFS      ,   88,    50,   50,       45,                335,        336,         0,      45,        45,              ,            539.0,   1.144919199985452   ,   1.302323299983982
cuello_botella, DFS      ,   89,    50,   50,       45,                265,        266,         0,      45,        45,              ,           1396.0,   1.558043800003361   ,   1.7144452999928035
cuello_botella, DFS      ,   90,    50,   50,       45,                265,        266,         0,      45,        45,              ,           6714.0,   1.9374849000014365  ,   2.112431599991396
cuello_botella, DFS      ,   91,    50,   50,       45,                360,        361,         0,      45,        45,              ,          25611.0,   1.8625512000289746  ,   2.015014400007203
cuello_botella, DFS      ,   92,    50,   50,       45,                370,        371,         5,      40,        45,           344,           2867.0,   2.5966812999686226  ,   2.756351000047289
cuello_botella, DFS      ,   93,    50,   50,       45,                370,        371,         0,      45,        45,              ,          12909.0,   2.109488699992653   ,   2.2684207999845967
cuello_botella, DFS      ,   94,    50,   50,       45,                490,        491,        16,      29,        45,           482,          34465.0,   2.8072700000484474  ,   2.962797900021542
cuello_botella, DFS      ,   95,    50,   50,       45,                275,        276,         1,      44,        45,           265,           4395.0,   3.6615213000332005  ,   3.816190799989272
cuello_botella, DFS      ,   96,    50,   50,       45,                275,        276,         1,      44,        45,           217,            602.0,   2.007143000024371   ,   2.1670915999566205
cuello_botella, DFS      ,   97,    50,   50,       45,                380,        381,        13,      32,        45,           338,          18825.0,   2.205297900014557   ,   2.372912199993152
cuello_botella, DFS      ,   98,    50,   50,       45,                335,        336,        22,      23,        45,           313,          12042.0,   1.602106400008779   ,   1.7604409999912605
cuello_botella, DFS      ,   99,    50,   50,       45,                260,        261,         0,      45,        45,              ,           2891.0,   2.2909279000014067  ,   2.4707408000249416
cuello_botella, DFS      ,  100,    50,   50,       45,                340,        341,         0,      45,        45,              ,           4656.0,   2.1957688000402413  ,   2.3519004000118002
cuello_botella, DFS      ,  101,    50,   50,       45,                465,        466,         7,      38,        45,           431,          15079.0,   1.9796922000241466  ,   2.135447299981024
cuello_botella, DFS      ,  102,    50,   50,       45,                315,        316,         0,      45,        45,              ,           4163.0,   1.490726399992127   ,   1.649721599998884
cuello_botella, DFS      ,  103,    50,   50,       45,                335,        336,         9,      36,        45,           299,           3918.0,   1.4770636000321247  ,   1.6346833999850787
cuello_botella, DFS      ,  104,    50,   50,       45,                335,        336,         0,      45,        45,              ,           1477.0,   2.107192700030282   ,   2.2632477000006475
cuello_botella, DFS      ,  105,    50,   50,       45,                360,        361,         0,      45,        45,              ,           7023.0,   2.7271956999902613  ,   2.8905316999880597
cuello_botella, DFS      ,  106,    50,   50,       45,                290,        291,        15,      30,        45,           256,           1769.0,   1.8447566000395454  ,   1.996979999996256
cuello_botella, DFS      ,  107,    50,   50,       45,                330,        331,        14,      31,        45,           316,           2505.0,   1.7234682000125758  ,   1.8766760000144131
cuello_botella, DFS      ,  108,    50,   50,       45,                385,        386,         6,      39,        45,           355,          11664.0,   2.2076388000277802  ,   2.3703227000078186
cuello_botella, DFS      ,  109,    50,   50,       45,                365,        366,         1,      44,        45,           287,           8305.0,   2.8217367000179365  ,   2.9710661999997683
cuello_botella, DFS      ,  110,    50,   50,       45,                270,        271,         5,      40,        45,           216,           2003.0,   2.565666100010276   ,   2.7154919000458904
cuello_botella, DFS      ,  111,    50,   50,       45,                325,        326,         2,      43,        45,           200,           3501.0,   1.556360999995377   ,   1.7145593999885023
cuello_botella, DFS      ,  112,    50,   50,       45,                335,        336,         0,      45,        45,              ,          23536.0,   3.892674700007774   ,   4.050905999960378
cuello_botella, DFS      ,  113,    50,   50,       45,                375,        376,         4,      41,        45,           333,           5639.0,   0.5918482999550179  ,   0.7554521000129171
cuello_botella, DFS      ,  114,    50,   50,       45,                400,        401,         1,      44,        45,           360,            272.0,   8.740797500009649   ,   8.904042000009213
cuello_botella, DFS      ,  115,    50,   50,       45,                320,        321,        13,      32,        45,           286,           9164.0,   3.2615976000088267  ,   3.421458800032269
cuello_botella, DFS      ,  116,    50,   50,       45,                375,        376,         8,      37,        45,           343,           7259.0,   3.750266500050202   ,   3.9609677999978885
cuello_botella, DFS      ,  117,    50,   50,       45,                355,        356,         0,      45,        45,              ,           4286.0,   2.6176779000088573  ,   2.7953125000349246
cuello_botella, DFS      ,  118,    50,   50,       45,                345,        346,         8,      37,        45,           309,           6330.0,   3.663502499985043   ,   3.8431995999999344
cuello_botella, DFS      ,  119,    50,   50,       45,                410,        411,         0,      45,        45,              ,           1053.0,   2.3122727000154555  ,   2.482125799986534
cuello_botella, A*       ,    0,    50,   50,       45,                300,        301,        29,      16,        45,            82,            656.0,   1.3667821999988519  ,   1.5229337999480776
cuello_botella, A*       ,    1,    50,   50,       45,                320,        321,        19,      26,        45,            85,            910.0,   4.4717395000043325  ,   4.632559200050309
cuello_botella, A*       ,    2,    50,   50,       45,                330,        331,        32,      13,        45,           110,            935.0,   1.1772716999985278  ,   1.3709076000377536
cuello_botella, A*       ,    3,    50,   50,       45,                255,        256,        42,       3,        45,           111,            909.0,   0.761117700021714   ,   0.9258335999911651
cuello_botella, A*       ,    4,    50,   50,       45,                400,        401,        45,       0,        45,           116,           3412.0,   1.1380040000076406  ,   1.318232799996622
cuello_botella, A*       ,    5,    50,   50,       45,                445,        446,        45,       0,        45,           130,           1979.0,   1.4134031000430696  ,   1.5845676999888383
cuello_botella, A*       ,    6,    50,   50,       45,                295,        296,        18,      27,        45,            87,            887.0,   3.4160311999730766  ,   3.578616700018756
cuello_botella, A*       ,    7,    50,   50,       45,                275,        276,        45,       0,        45,            89,           1307.0,   0.4679164999979548  ,   0.6331665000179783
cuello_botella, A*       ,    8,    50,   50,       45,                250,        251,        45,       0,        45,            99,           2095.0,   0.489780800009612   ,   0.6573104000417516
cuello_botella, A*       ,    9,    50,   50,       45,                360,        361,        42,       3,        45,           151,           3434.0,   3.3232559000025503  ,   3.5838672000099905
cuello_botella, A*       ,   10,    50,   50,       45,                275,        276,        45,       0,        45,            92,           1055.0,   0.4680279999738559  ,   0.6724575000116602
cuello_botella, A*       ,   11,    50,   50,       45,                310,        311,        45,       0,        45,            88,           1947.0,   0.5487894999678247  ,   0.7446936999913305
cuello_botella, A*       ,   12,    50,   50,       45,                440,        441,        44,       1,        45,           144,           4395.0,   1.694214099959936   ,   1.8917345000081696
cuello_botella, A*       ,   13,    50,   50,       45,                510,        511,        44,       1,        45,           134,           3425.0,   1.7062638999777846  ,   1.896214600012172
cuello_botella, A*       ,   14,    50,   50,       45,                400,        401,        44,       1,        45,           114,           5223.0,   0.6566903000348248  ,   0.842004900041502
cuello_botella, A*       ,   15,    50,   50,       45,                365,        366,        45,       0,        45,           102,           2072.0,   1.0974925000336953  ,   1.3458329000277445
cuello_botella, A*       ,   16,    50,   50,       45,                340,        341,        45,       0,        45,           130,           2071.0,   1.3555341999744996  ,   1.62535809999099
cuello_botella, A*       ,   17,    50,   50,       45,                295,        296,        45,       0,        45,            94,           1448.0,   0.9005778999999166  ,   1.1109399000415578
cuello_botella, A*       ,   18,    50,   50,       45,                260,        261,        45,       0,        45,           112,           2098.0,   0.40527529997052625 ,   0.6043500999803655
cuello_botella, A*       ,   19,    50,   50,       45,                395,        396,        45,       0,        45,           114,           2681.0,   1.0935771000222303  ,   1.268900599970948
cuello_botella, A*       ,   20,    50,   50,       45,                250,        251,        45,       0,        45,            98,           1383.0,   0.5876736000063829  ,   0.7776925999787636
cuello_botella, A*       ,   21,    50,   50,       45,                350,        351,        34,      11,        45,            98,           1684.0,   0.9856269999872893  ,   1.1645996000152081
cuello_botella, A*       ,   22,    50,   50,       45,                310,        311,        41,       4,        45,           101,           2445.0,   0.438689999980852   ,   0.6078969999798574
cuello_botella, A*       ,   23,    50,   50,       45,                430,        431,        39,       6,        45,            88,           1024.0,   0.6699961999547668  ,   0.8383351999800652
cuello_botella, A*       ,   24,    50,   50,       45,                370,        371,        33,      12,        45,           103,           1909.0,   1.089146799989976   ,   1.2630074999760836
cuello_botella, A*       ,   25,    50,   50,       45,                390,        391,        45,       0,        45,            98,            726.0,   0.7132258000201546  ,   0.9026918999734335
cuello_botella, A*       ,   26,    50,   50,       45,                350,        351,        45,       0,        45,            83,            784.0,   0.502328300033696   ,   0.67624420003267
cuello_botella, A*       ,   27,    50,   50,       45,                455,        456,        45,       0,        45,           108,           1962.0,   0.692833699984476   ,   0.881647799978964
cuello_botella, A*       ,   28,    50,   50,       45,                280,        281,        43,       2,        45,            91,           1322.0,   0.7547449999838136  ,   0.9195266999886371
cuello_botella, A*       ,   29,    50,   50,       45,                265,        266,        40,       5,        45,           147,           2033.0,   1.7400854000006802  ,   1.9078010999946855
cuello_botella, A*       ,   30,    50,   50,       45,                470,        471,        45,       0,        45,           110,           1873.0,   0.9357150999712758  ,   1.1156210000044666
cuello_botella, A*       ,   31,    50,   50,       45,                560,        561,        45,       0,        45,           148,           5283.0,   1.9495489000109956  ,   2.1251714999671094
cuello_botella, A*       ,   32,    50,   50,       45,                225,        226,        44,       1,        45,            86,           1037.0,   0.6319185000029393  ,   0.8141573999891989
cuello_botella, A*       ,   33,    50,   50,       45,                405,        406,        45,       0,        45,           113,           2208.0,   0.9662486999877729  ,   1.133686699962709
cuello_botella, A*       ,   34,    50,   50,       45,                415,        416,        45,       0,        45,           135,           3248.0,   1.8873182000243105  ,   2.0551439999835566
cuello_botella, A*       ,   35,    50,   50,       45,                350,        351,        45,       0,        45,            94,           2646.0,   0.49608959996839985 ,   0.6650976999662817
cuello_botella, A*       ,   36,    50,   50,       45,                315,        316,        43,       2,        45,            98,           1127.0,   0.64283870003419    ,   0.8040987999993376
cuello_botella, A*       ,   37,    50,   50,       45,                340,        341,        45,       0,        45,            88,           1514.0,   0.4155924000078812  ,   0.5785322999581695
cuello_botella, A*       ,   38,    50,   50,       45,                320,        321,        43,       2,        45,            90,           2255.0,   0.363333799992688   ,   0.5276641999953426
cuello_botella, A*       ,   39,    50,   50,       45,                230,        231,        45,       0,        45,            93,           1103.0,   0.6368701999890618  ,   0.8089405000209808
cuello_botella, A*       ,   40,    50,   50,       45,                255,        256,        45,       0,        45,            77,            552.0,   0.43558749998919666 ,   0.6024773999815807
cuello_botella, A*       ,   41,    50,   50,       45,                315,        316,        45,       0,        45,            95,           3562.0,   0.5675065999967046  ,   0.7306194999837317
cuello_botella, A*       ,   42,    50,   50,       45,                360,        361,        45,       0,        45,            83,           2448.0,   0.4807928000227548  ,   0.6470058999839239
cuello_botella, A*       ,   43,    50,   50,       45,                315,        316,        45,       0,        45,           100,           1456.0,   0.5280525999842212  ,   0.7054354999563657
cuello_botella, A*       ,   44,    50,   50,       45,                255,        256,        45,       0,        45,            80,            744.0,   0.3410509000532329  ,   0.5045705999946222
cuello_botella, A*       ,   45,    50,   50,       45,                235,        236,        41,       4,        45,           111,           1403.0,   0.5146772000007331  ,   0.6765295000514016
cuello_botella, A*       ,   46,    50,   50,       45,                320,        321,        45,       0,        45,            88,           1395.0,   0.5368302999995649  ,   0.7007320999982767
cuello_botella, A*       ,   47,    50,   50,       45,                415,        416,        45,       0,        45,            94,           4643.0,   0.933132599981036   ,   1.107402399997227
cuello_botella, A*       ,   48,    50,   50,       45,                405,        406,        45,       0,        45,           108,           2252.0,   0.5158869000151753  ,   0.6778169000172056
cuello_botella, A*       ,   49,    50,   50,       45,                460,        461,        45,       0,        45,           110,           3991.0,   0.8173396000056528  ,   1.0015734999906272
cuello_botella, A*       ,   50,    50,   50,       45,                250,        251,        45,       0,        45,            79,           1189.0,   0.3630167000228539  ,   0.5298244999721646
cuello_botella, A*       ,   51,    50,   50,       45,                280,        281,        45,       0,        45,            78,           1338.0,   0.347391500021331   ,   0.5236994000151753
cuello_botella, A*       ,   52,    50,   50,       45,                285,        286,        45,       0,        45,            86,           1535.0,   0.4030676000402309  ,   0.5683742000255734
cuello_botella, A*       ,   53,    50,   50,       45,                300,        301,        39,       6,        45,           150,           1173.0,   0.7176975000184029  ,   0.8884847000008449
cuello_botella, A*       ,   54,    50,   50,       45,                285,        286,        44,       1,        45,            92,           1356.0,   0.6262758999946527  ,   0.7965508999768645
cuello_botella, A*       ,   55,    50,   50,       45,                235,        236,        22,      23,        45,           107,           1199.0,   3.466479299997445   ,   3.6246359000215307
cuello_botella, A*       ,   56,    50,   50,       45,                380,        381,        44,       1,        45,           101,           1488.0,   0.5808346000267193  ,   0.7483383000362664
cuello_botella, A*       ,   57,    50,   50,       45,                385,        386,        45,       0,        45,            91,           1270.0,   0.3459543999633752  ,   0.5028195000486448
cuello_botella, A*       ,   58,    50,   50,       45,                470,        471,        45,       0,        45,           122,           1855.0,   0.7025573999853805  ,   0.8566031000227667
cuello_botella, A*       ,   59,    50,   50,       45,                275,        276,        44,       1,        45,            92,           2079.0,   0.41378569998778403 ,   0.5750894999946468
cuello_botella, A*       ,   60,    50,   50,       45,                300,        301,        45,       0,        45,            80,            875.0,   0.7352630999521352  ,   0.9177466999972239
cuello_botella, A*       ,   61,    50,   50,       45,                280,        281,        30,      15,        45,           114,           6470.0,   2.227032800030429   ,   2.396098700002767
cuello_botella, A*       ,   62,    50,   50,       45,                305,        306,        42,       3,        45,            84,           1770.0,   0.5005592000088654  ,   0.6505524999811314
cuello_botella, A*       ,   63,    50,   50,       45,                365,        366,        45,       0,        45,           106,           1731.0,   0.9263906000414863  ,   1.092435700003989
cuello_botella, A*       ,   64,    50,   50,       45,                280,        281,        45,       0,        45,           112,           3604.0,   0.7554326999816112  ,   0.904357000021264
cuello_botella, A*       ,   65,    50,   50,       45,                310,        311,        45,       0,        45,            81,           3374.0,   0.9240308000007644  ,   1.0814940999844112
cuello_botella, A*       ,   66,    50,   50,       45,                350,        351,        45,       0,        45,            98,           1981.0,   0.7441995000117458  ,   0.9002337999991141
cuello_botella, A*       ,   67,    50,   50,       45,                250,        251,        45,       0,        45,            99,            765.0,   0.42529330000979826 ,   0.5821445999899879
cuello_botella, A*       ,   68,    50,   50,       45,                330,        331,        35,      10,        45,           109,           3048.0,   0.9053129999665543  ,   1.063768699998036
cuello_botella, A*       ,   69,    50,   50,       45,                375,        376,        45,       0,        45,           104,           1893.0,   0.6582278999849223  ,   0.8102867000270635
cuello_botella, A*       ,   70,    50,   50,       45,                365,        366,        45,       0,        45,            92,           2390.0,   0.7101783000398427  ,   0.8714246000163257
cuello_botella, A*       ,   71,    50,   50,       45,                255,        256,        45,       0,        45,           100,           1262.0,   0.5917421000194736  ,   0.7507971000159159
cuello_botella, A*       ,   72,    50,   50,       45,                250,        251,        43,       2,        45,           106,           1285.0,   0.43598489998839796 ,   0.5835047999862581
cuello_botella, A*       ,   73,    50,   50,       45,                255,        256,        45,       0,        45,            97,           1704.0,   0.4626179999904707  ,   0.6273086000001058
cuello_botella, A*       ,   74,    50,   50,       45,                355,        356,        45,       0,        45,            95,           2746.0,   0.4758542000199668  ,   0.6390482999850065
cuello_botella, A*       ,   75,    50,   50,       45,                305,        306,        45,       0,        45,           108,           2210.0,   0.5852245000423864  ,   0.7408798999967985
cuello_botella, A*       ,   76,    50,   50,       45,                260,        261,        44,       1,        45,            81,            659.0,   0.4041416000109166  ,   0.5719462999841198
cuello_botella, A*       ,   77,    50,   50,       45,                420,        421,        45,       0,        45,           152,           5616.0,   2.1781062000081874  ,   2.3319311999948695
cuello_botella, A*       ,   78,    50,   50,       45,                345,        346,        40,       5,        45,           108,           2439.0,   1.0683867000043392  ,   1.2278005999978632
cuello_botella, A*       ,   79,    50,   50,       45,                400,        401,        43,       2,        45,            99,           1331.0,   0.42153130000224337 ,   0.5810323000187054
cuello_botella, A*       ,   80,    50,   50,       45,                435,        436,        44,       1,        45,           126,           1660.0,   1.2201608000323176  ,   1.38947090000147
cuello_botella, A*       ,   81,    50,   50,       45,                415,        416,        45,       0,        45,            93,            862.0,   0.5345245000207797  ,   0.6950431000441313
cuello_botella, A*       ,   82,    50,   50,       45,                275,        276,        43,       2,        45,           101,           1461.0,   0.5054993000230752  ,   0.670522800006438
cuello_botella, A*       ,   83,    50,   50,       45,                240,        241,        40,       5,        45,            88,           1260.0,   0.426386300008744   ,   0.5834182999678887
cuello_botella, A*       ,   84,    50,   50,       45,                425,        426,        45,       0,        45,           130,           5540.0,   1.2682568000163883  ,   1.4177761999890208
cuello_botella, A*       ,   85,    50,   50,       45,                550,        551,        44,       1,        45,           143,           7311.0,   2.0187174000311643  ,   2.1792966999928467
cuello_botella, A*       ,   86,    50,   50,       45,                225,        226,        44,       1,        45,           116,           1270.0,   0.6917209000093862  ,   0.8473019999801181
cuello_botella, A*       ,   87,    50,   50,       45,                260,        261,        45,       0,        45,            86,           3205.0,   0.42477189999772236 ,   0.5851351000019349
cuello_botella, A*       ,   88,    50,   50,       45,                335,        336,        35,      10,        45,           113,           1425.0,   1.131346499954816   ,   1.2960820000153035
cuello_botella, A*       ,   89,    50,   50,       45,                265,        266,        43,       2,        45,            95,           2464.0,   0.33284659998025745 ,   0.48930970003129914
cuello_botella, A*       ,   90,    50,   50,       45,                265,        266,        45,       0,        45,            80,            634.0,   0.40574240003479645 ,   0.5704164999770001
cuello_botella, A*       ,   91,    50,   50,       45,                360,        361,        43,       2,        45,           108,           3036.0,   0.6991299000219442  ,   0.8514159999904223
cuello_botella, A*       ,   92,    50,   50,       45,                370,        371,        43,       2,        45,           127,           2419.0,   1.778484300011769   ,   1.9412848000065424
cuello_botella, A*       ,   93,    50,   50,       45,                370,        371,        45,       0,        45,           115,           2128.0,   0.484902800002601   ,   0.6420655000256374
cuello_botella, A*       ,   94,    50,   50,       45,                490,        491,        35,      10,        45,           113,           4473.0,   1.5318482000147924  ,   1.6888405999634415
cuello_botella, A*       ,   95,    50,   50,       45,                275,        276,        45,       0,        45,           122,           1104.0,   0.7211032999912277  ,   0.877167799975723
cuello_botella, A*       ,   96,    50,   50,       45,                275,        276,        45,       0,        45,           109,           4034.0,   1.0177078999695368  ,   1.175684400019236
cuello_botella, A*       ,   97,    50,   50,       45,                380,        381,        45,       0,        45,            98,           2550.0,   0.776137100008782   ,   0.9400842000031844
cuello_botella, A*       ,   98,    50,   50,       45,                335,        336,        44,       1,        45,            94,            830.0,   0.3963458000216633  ,   0.5778108999948017
cuello_botella, A*       ,   99,    50,   50,       45,                260,        261,        44,       1,        45,            79,           1908.0,   0.45823659998131916 ,   0.6309252000064589
cuello_botella, A*       ,  100,    50,   50,       45,                340,        341,        41,       4,        45,            94,           5008.0,   0.6083677999558859  ,   0.7694498000200838
cuello_botella, A*       ,  101,    50,   50,       45,                465,        466,        45,       0,        45,           115,           2831.0,   1.25881060003303    ,   1.424566900008358
cuello_botella, A*       ,  102,    50,   50,       45,                315,        316,        45,       0,        45,           108,           4898.0,   1.0447296999627724  ,   1.2692580000148155
cuello_botella, A*       ,  103,    50,   50,       45,                335,        336,        45,       0,        45,            96,           3506.0,   0.42901540000457317 ,   0.6155397000256926
cuello_botella, A*       ,  104,    50,   50,       45,                335,        336,        44,       1,        45,           115,           1759.0,   0.997514599992428   ,   1.1638186000054702
cuello_botella, A*       ,  105,    50,   50,       45,                360,        361,        45,       0,        45,           111,           1092.0,   0.6754374000011012  ,   0.8442878000205383
cuello_botella, A*       ,  106,    50,   50,       45,                290,        291,        44,       1,        45,            81,           4403.0,   0.3962333000381477  ,   0.5581054000067525
cuello_botella, A*       ,  107,    50,   50,       45,                330,        331,        45,       0,        45,            85,            867.0,   0.43493469996610656 ,   0.6092666999902576
cuello_botella, A*       ,  108,    50,   50,       45,                385,        386,        45,       0,        45,            96,           1313.0,   0.4155165000120178  ,   0.6000714999972843
cuello_botella, A*       ,  109,    50,   50,       45,                365,        366,        45,       0,        45,           126,           4498.0,   1.7104001000407152  ,   1.8823629000107758
cuello_botella, A*       ,  110,    50,   50,       45,                270,        271,        45,       0,        45,            90,           1419.0,   0.4062749000149779  ,   0.5630255999858491
cuello_botella, A*       ,  111,    50,   50,       45,                325,        326,        45,       0,        45,            93,           1348.0,   0.44646730000386015 ,   0.6257217999664135
cuello_botella, A*       ,  112,    50,   50,       45,                335,        336,        45,       0,        45,           106,           3479.0,   1.2929787999601103  ,   1.455556999950204
cuello_botella, A*       ,  113,    50,   50,       45,                375,        376,        45,       0,        45,           100,           3277.0,   0.5883831999963149  ,   0.7543772999779321
cuello_botella, A*       ,  114,    50,   50,       45,                400,        401,         0,      45,        45,              ,           2910.0,  15.634615799994208   ,  15.817125000001397
cuello_botella, A*       ,  115,    50,   50,       45,                320,        321,        44,       1,        45,           112,           2026.0,   0.7526810999843292  ,   0.9136957000009716
cuello_botella, A*       ,  116,    50,   50,       45,                375,        376,        44,       1,        45,           116,           2751.0,   1.0047306999913417  ,   1.1589647000073455
cuello_botella, A*       ,  117,    50,   50,       45,                355,        356,        45,       0,        45,            93,           1283.0,   0.4056538000004366  ,   0.5629637000383809
cuello_botella, A*       ,  118,    50,   50,       45,                345,        346,        45,       0,        45,            94,           2387.0,   0.5279139999765903  ,   0.690042500034906
cuello_botella, A*       ,  119,    50,   50,       45,                410,        411,        39,       6,        45,           118,           2455.0,   1.6309143000398763  ,   1.800379999971483
cuello_botella, Greedy   ,    0,    50,   50,       45,                300,        301,        29,      16,        45,            72,            306.0,   0.8273162000114098  ,   0.9770778000238352
cuello_botella, Greedy   ,    1,    50,   50,       45,                320,        321,        19,      26,        45,            75,            703.0,   2.5310364000033587  ,   2.6912707000155933
cuello_botella, Greedy   ,    2,    50,   50,       45,                330,        331,        19,      26,        45,            92,            470.0,   0.6406531000393443  ,   0.801900900027249
cuello_botella, Greedy   ,    3,    50,   50,       45,                255,        256,        42,       3,        45,            89,            891.0,   0.08617580001009628 ,   0.24435079999966547
cuello_botella, Greedy   ,    4,    50,   50,       45,                400,        401,        45,       0,        45,           118,           1614.0,   0.32717619999311864 ,   0.49869029998080805
cuello_botella, Greedy   ,    5,    50,   50,       45,                445,        446,        41,       4,        45,           157,            665.0,   0.5476150999893434  ,   0.7094992999918759
cuello_botella, Greedy   ,    6,    50,   50,       45,                295,        296,        19,      26,        45,            78,            989.0,   2.1231135000125505  ,   2.2777797000017017
cuello_botella, Greedy   ,    7,    50,   50,       45,                275,        276,        44,       1,        45,            95,            592.0,   0.0905046000261791  ,   0.24388129997532815
cuello_botella, Greedy   ,    8,    50,   50,       45,                250,        251,        45,       0,        45,           113,            658.0,   0.22551780001958832 ,   0.383389399969019
cuello_botella, Greedy   ,    9,    50,   50,       45,                360,        361,        43,       2,        45,           177,           1840.0,   1.540903499990236   ,   1.697766600002069
cuello_botella, Greedy   ,   10,    50,   50,       45,                275,        276,        45,       0,        45,           100,            240.0,   0.10135309997713193 ,   0.2543133999570273
cuello_botella, Greedy   ,   11,    50,   50,       45,                310,        311,        45,       0,        45,            70,            825.0,   0.06886820000363514 ,   0.22682589996838942
cuello_botella, Greedy   ,   12,    50,   50,       45,                440,        441,        40,       5,        45,           120,            690.0,   0.23686469998210669 ,   0.3868518999661319
cuello_botella, Greedy   ,   13,    50,   50,       45,                510,        511,        44,       1,        45,           140,           1140.0,   0.4067722000181675  ,   0.5597190000116825
cuello_botella, Greedy   ,   14,    50,   50,       45,                400,        401,        44,       1,        45,           103,           1316.0,   0.0908523999969475  ,   0.24823979998473078
cuello_botella, Greedy   ,   15,    50,   50,       45,                365,        366,        45,       0,        45,            95,            857.0,   0.1154685000074096  ,   0.26418009999906644
cuello_botella, Greedy   ,   16,    50,   50,       45,                340,        341,        45,       0,        45,           122,           1397.0,   0.21327469998504966 ,   0.3759907999774441
cuello_botella, Greedy   ,   17,    50,   50,       45,                295,        296,        45,       0,        45,           106,           1120.0,   0.0835986000020057  ,   0.24934290000237525
cuello_botella, Greedy   ,   18,    50,   50,       45,                260,        261,        45,       0,        45,           111,           1102.0,   0.07881039998028427 ,   0.23655410000355914
cuello_botella, Greedy   ,   19,    50,   50,       45,                395,        396,        43,       2,        45,           110,            983.0,   0.2171618000138551  ,   0.37889990000985563
cuello_botella, Greedy   ,   20,    50,   50,       45,                250,        251,        45,       0,        45,           101,            831.0,   0.09622240002499893 ,   0.24963459995342419
cuello_botella, Greedy   ,   21,    50,   50,       45,                350,        351,        34,      11,        45,           108,           1500.0,   0.3287535000126809  ,   0.4770365000003949
cuello_botella, Greedy   ,   22,    50,   50,       45,                310,        311,        41,       4,        45,           109,           1063.0,   0.09692869998980314 ,   0.25064969999948516
cuello_botella, Greedy   ,   23,    50,   50,       45,                430,        431,        39,       6,        45,           121,            428.0,   0.22678290004841983 ,   0.3827060000039637
cuello_botella, Greedy   ,   24,    50,   50,       45,                370,        371,        29,      16,        45,           130,            535.0,   0.5208774000057019  ,   0.6949382000020705
cuello_botella, Greedy   ,   25,    50,   50,       45,                390,        391,        45,       0,        45,            90,            852.0,   0.09437310002977028 ,   0.2583911999827251
cuello_botella, Greedy   ,   26,    50,   50,       45,                350,        351,        45,       0,        45,            76,            731.0,   0.07582719996571541 ,   0.23504679999314249
cuello_botella, Greedy   ,   27,    50,   50,       45,                455,        456,        45,       0,        45,           116,           1344.0,   0.14124840003205463 ,   0.2935810000053607
cuello_botella, Greedy   ,   28,    50,   50,       45,                280,        281,        45,       0,        45,           175,            693.0,   0.30989819997921586 ,   0.45803280000109226
cuello_botella, Greedy   ,   29,    50,   50,       45,                265,        266,        40,       5,        45,           156,           1312.0,   0.38426620000973344 ,   0.5403088000020944
cuello_botella, Greedy   ,   30,    50,   50,       45,                470,        471,        45,       0,        45,           135,            619.0,   0.24078779999399558 ,   0.398272399965208
cuello_botella, Greedy   ,   31,    50,   50,       45,                560,        561,        45,       0,        45,           136,            367.0,   0.7570345000131056  ,   0.9065984999760985
cuello_botella, Greedy   ,   32,    50,   50,       45,                225,        226,        42,       3,        45,            98,            335.0,   0.13233140000374988 ,   0.2879174000117928
cuello_botella, Greedy   ,   33,    50,   50,       45,                405,        406,        45,       0,        45,           136,           1257.0,   0.29803359997458756 ,   0.4466081999707967
cuello_botella, Greedy   ,   34,    50,   50,       45,                415,        416,        45,       0,        45,           131,           1350.0,   1.007389200036414   ,   1.1683987000142224
cuello_botella, Greedy   ,   35,    50,   50,       45,                350,        351,        45,       0,        45,           115,            761.0,   0.18889990000752732 ,   0.3496787999756634
cuello_botella, Greedy   ,   36,    50,   50,       45,                315,        316,        40,       5,        45,           110,           1157.0,   0.28939519997220486 ,   0.4447671000380069
cuello_botella, Greedy   ,   37,    50,   50,       45,                340,        341,        45,       0,        45,            96,            594.0,   0.08548710000468418 ,   0.24096389999613166
cuello_botella, Greedy   ,   38,    50,   50,       45,                320,        321,        42,       3,        45,            84,            572.0,   0.08038149995263666 ,   0.23530030000256374
cuello_botella, Greedy   ,   39,    50,   50,       45,                230,        231,        45,       0,        45,           129,            303.0,   0.18529019999550655 ,   0.35171630000695586
cuello_botella, Greedy   ,   40,    50,   50,       45,                255,        256,        45,       0,        45,            92,            602.0,   0.08896520000416785 ,   0.2456615999690257
cuello_botella, Greedy   ,   41,    50,   50,       45,                315,        316,        45,       0,        45,           120,            836.0,   0.16760509996674955 ,   0.3233818000298925
cuello_botella, Greedy   ,   42,    50,   50,       45,                360,        361,        45,       0,        45,           117,            805.0,   0.17930580000393093 ,   0.3338077999651432
cuello_botella, Greedy   ,   43,    50,   50,       45,                315,        316,        44,       1,        45,           100,            748.0,   0.15479190001497045 ,   0.3045142000191845
cuello_botella, Greedy   ,   44,    50,   50,       45,                255,        256,        45,       0,        45,            88,            678.0,   0.0611588999745436  ,   0.2175703000393696
cuello_botella, Greedy   ,   45,    50,   50,       45,                235,        236,        41,       4,        45,           141,            546.0,   0.15806300000986084 ,   0.3128578999894671
cuello_botella, Greedy   ,   46,    50,   50,       45,                320,        321,        45,       0,        45,           101,            919.0,   0.11392659996636212 ,   0.27794350002659485
cuello_botella, Greedy   ,   47,    50,   50,       45,                415,        416,        45,       0,        45,           134,           1750.0,   0.22738490003393963 ,   0.3961562000331469
cuello_botella, Greedy   ,   48,    50,   50,       45,                405,        406,        45,       0,        45,           127,            660.0,   0.15667180001037195 ,   0.3144327999907546
cuello_botella, Greedy   ,   49,    50,   50,       45,                460,        461,        45,       0,        45,           110,           1221.0,   0.1955595000181347  ,   0.35043260001111776
cuello_botella, Greedy   ,   50,    50,   50,       45,                250,        251,        45,       0,        45,            85,            563.0,   0.07937890000175685 ,   0.23915670003043488
cuello_botella, Greedy   ,   51,    50,   50,       45,                280,        281,        45,       0,        45,            82,            397.0,   0.09449069999391213 ,   0.2583293000352569
cuello_botella, Greedy   ,   52,    50,   50,       45,                285,        286,        42,       3,        45,            99,            388.0,   0.09135270002298057 ,   0.24901690002297983
cuello_botella, Greedy   ,   53,    50,   50,       45,                300,        301,        40,       5,        45,           148,            422.0,   0.12331980001181364 ,   0.29169099999126047
cuello_botella, Greedy   ,   54,    50,   50,       45,                285,        286,        45,       0,        45,           124,            627.0,   0.20118609996279702 ,   0.36763940000673756
cuello_botella, Greedy   ,   55,    50,   50,       45,                235,        236,        17,      28,        45,           105,           1475.0,   1.832473700051196   ,   2.003308499988634
cuello_botella, Greedy   ,   56,    50,   50,       45,                380,        381,        44,       1,        45,           117,           1062.0,   0.23676170001272112 ,   0.3898122999817133
cuello_botella, Greedy   ,   57,    50,   50,       45,                385,        386,        43,       2,        45,            81,            440.0,   0.0795203999732621  ,   0.23454099998343736
cuello_botella, Greedy   ,   58,    50,   50,       45,                470,        471,        45,       0,        45,           122,           1120.0,   0.15597209997940809 ,   0.3059518999652937
cuello_botella, Greedy   ,   59,    50,   50,       45,                275,        276,        45,       0,        45,           103,            825.0,   0.10441999998874962 ,   0.2595710000023246
cuello_botella, Greedy   ,   60,    50,   50,       45,                300,        301,        45,       0,        45,            92,            760.0,   0.0853915000334382  ,   0.24426379997748882
cuello_botella, Greedy   ,   61,    50,   50,       45,                280,        281,        30,      15,        45,           142,           3110.0,   1.0704187999945134  ,   1.2229808999691159
cuello_botella, Greedy   ,   62,    50,   50,       45,                305,        306,        42,       3,        45,            94,            940.0,   0.11882289999630302 ,   0.2693243999965489
cuello_botella, Greedy   ,   63,    50,   50,       45,                365,        366,        43,       2,        45,           137,            767.0,   0.22187889995984733 ,   0.3839208999997936
cuello_botella, Greedy   ,   64,    50,   50,       45,                280,        281,        45,       0,        45,           126,           1189.0,   0.2837131000123918  ,   0.4322281999629922
cuello_botella, Greedy   ,   65,    50,   50,       45,                310,        311,        45,       0,        45,           100,            743.0,   0.19432479998795316 ,   0.35239010001532733
cuello_botella, Greedy   ,   66,    50,   50,       45,                350,        351,        40,       5,        45,           140,            969.0,   0.25648819998605177 ,   0.4151597000309266
cuello_botella, Greedy   ,   67,    50,   50,       45,                250,        251,        44,       1,        45,           111,            373.0,   0.10681420000037178 ,   0.2631818000227213
cuello_botella, Greedy   ,   68,    50,   50,       45,                330,        331,        25,      20,        45,           100,            607.0,   1.0861403999733739  ,   1.2366421000333503
cuello_botella, Greedy   ,   69,    50,   50,       45,                375,        376,        45,       0,        45,           109,            827.0,   0.2206233000033535  ,   0.3800141999963671
cuello_botella, Greedy   ,   70,    50,   50,       45,                365,        366,        45,       0,        45,           102,            670.0,   0.22309450001921505 ,   0.38159989996347576
cuello_botella, Greedy   ,   71,    50,   50,       45,                255,        256,        45,       0,        45,            96,            608.0,   0.14596669998718426 ,   0.3025162999983877
cuello_botella, Greedy   ,   72,    50,   50,       45,                250,        251,        43,       2,        45,           120,            669.0,   0.10258590005105361 ,   0.25286200002301484
cuello_botella, Greedy   ,   73,    50,   50,       45,                255,        256,        45,       0,        45,            99,            992.0,   0.11253409995697439 ,   0.27341409999644384
cuello_botella, Greedy   ,   74,    50,   50,       45,                355,        356,        45,       0,        45,           100,            520.0,   0.19817230000626296 ,   0.3583117000525817
cuello_botella, Greedy   ,   75,    50,   50,       45,                305,        306,        45,       0,        45,           112,           1033.0,   0.11470179999014363 ,   0.27179480000631884
cuello_botella, Greedy   ,   76,    50,   50,       45,                260,        261,        44,       1,        45,            92,             90.0,   0.1060618000337854  ,   0.2832389999530278
cuello_botella, Greedy   ,   77,    50,   50,       45,                420,        421,        45,       0,        45,           150,           2032.0,   0.7386671000276692  ,   0.8941471999860369
cuello_botella, Greedy   ,   78,    50,   50,       45,                345,        346,        39,       6,        45,           106,            999.0,   0.22456389997387305 ,   0.3838856000220403
cuello_botella, Greedy   ,   79,    50,   50,       45,                400,        401,        43,       2,        45,            97,            749.0,   0.09017839998705313 ,   0.24602110002888367
cuello_botella, Greedy   ,   80,    50,   50,       45,                435,        436,        45,       0,        45,           112,            734.0,   0.22493550000945106 ,   0.3855176999932155
cuello_botella, Greedy   ,   81,    50,   50,       45,                415,        416,        45,       0,        45,           143,            989.0,   0.19949189998442307 ,   0.3706553999800235
cuello_botella, Greedy   ,   82,    50,   50,       45,                275,        276,        43,       2,        45,           101,            711.0,   0.08932649996131659 ,   0.24420180002925918
cuello_botella, Greedy   ,   83,    50,   50,       45,                240,        241,        42,       3,        45,           105,            910.0,   0.12787930003833026 ,   0.28578430000925437
cuello_botella, Greedy   ,   84,    50,   50,       45,                425,        426,        45,       0,        45,           130,           1854.0,   0.5993778000120074  ,   0.7459454999770969
cuello_botella, Greedy   ,   85,    50,   50,       45,                550,        551,        40,       5,        45,           167,           1094.0,   0.9377858000225388  ,   1.1279384000226855
cuello_botella, Greedy   ,   86,    50,   50,       45,                225,        226,        45,       0,        45,           138,            560.0,   0.19222379999700934 ,   0.34707700001308694
cuello_botella, Greedy   ,   87,    50,   50,       45,                260,        261,        44,       1,        45,            72,            935.0,   0.06753619998926297 ,   0.22745369997574016
cuello_botella, Greedy   ,   88,    50,   50,       45,                335,        336,        38,       7,        45,           149,           1892.0,   0.33043249999172986 ,   0.48913840000750497
cuello_botella, Greedy   ,   89,    50,   50,       45,                265,        266,        43,       2,        45,           103,            520.0,   0.08993069996358827 ,   0.2457425000029616
cuello_botella, Greedy   ,   90,    50,   50,       45,                265,        266,        45,       0,        45,            76,            293.0,   0.06629810004960746 ,   0.24067119997926056
cuello_botella, Greedy   ,   91,    50,   50,       45,                360,        361,        45,       0,        45,           107,           1555.0,   0.1453662000130862  ,   0.3008507000049576
cuello_botella, Greedy   ,   92,    50,   50,       45,                370,        371,        45,       0,        45,           161,            927.0,   0.7430262999841943  ,   0.9028649000101723
cuello_botella, Greedy   ,   93,    50,   50,       45,                370,        371,        45,       0,        45,           123,            426.0,   0.12540449999505654 ,   0.28244929999345914
cuello_botella, Greedy   ,   94,    50,   50,       45,                490,        491,        35,      10,        45,           137,            388.0,   0.7182197999791242  ,   0.8746687999810092
cuello_botella, Greedy   ,   95,    50,   50,       45,                275,        276,        45,       0,        45,           123,            287.0,   0.14621259999694303 ,   0.30195620004087687
cuello_botella, Greedy   ,   96,    50,   50,       45,                275,        276,        45,       0,        45,           116,           1405.0,   0.24779770005261526 ,   0.40815610002027825
cuello_botella, Greedy   ,   97,    50,   50,       45,                380,        381,        45,       0,        45,           119,            976.0,   0.13729600002989173 ,   0.29999849997693673
cuello_botella, Greedy   ,   98,    50,   50,       45,                335,        336,        45,       0,        45,            92,            734.0,   0.07064849999733269 ,   0.22947590000694618
cuello_botella, Greedy   ,   99,    50,   50,       45,                260,        261,        45,       0,        45,            85,           1424.0,   0.06933919998118654 ,   0.22682939999504015
cuello_botella, Greedy   ,  100,    50,   50,       45,                340,        341,        41,       4,        45,           102,           1461.0,   0.16933550004614517 ,   0.3250028999755159
cuello_botella, Greedy   ,  101,    50,   50,       45,                465,        466,        45,       0,        45,           130,           1376.0,   0.4493949000025168  ,   0.605028800026048
cuello_botella, Greedy   ,  102,    50,   50,       45,                315,        316,        45,       0,        45,           119,            801.0,   0.16441810003016144 ,   0.322829200013075
cuello_botella, Greedy   ,  103,    50,   50,       45,                335,        336,        45,       0,        45,            94,           1249.0,   0.08821199997328222 ,   0.24209489999338984
cuello_botella, Greedy   ,  104,    50,   50,       45,                335,        336,        44,       1,        45,           155,            447.0,   0.37203229998704046 ,   0.5257488999632187
cuello_botella, Greedy   ,  105,    50,   50,       45,                360,        361,        45,       0,        45,            95,            600.0,   0.08697190001839772 ,   0.24810029997024685
cuello_botella, Greedy   ,  106,    50,   50,       45,                290,        291,        44,       1,        45,           110,           1157.0,   0.09551079996163025 ,   0.24752650002483279
cuello_botella, Greedy   ,  107,    50,   50,       45,                330,        331,        45,       0,        45,           106,            545.0,   0.1601824999670498  ,   0.31538049998926
cuello_botella, Greedy   ,  108,    50,   50,       45,                385,        386,        45,       0,        45,            90,            990.0,   0.08640159998321906 ,   0.24908609996782616
cuello_botella, Greedy   ,  109,    50,   50,       45,                365,        366,        45,       0,        45,           129,           1191.0,   0.4853622000082396  ,   0.6356981999706477
cuello_botella, Greedy   ,  110,    50,   50,       45,                270,        271,        45,       0,        45,            90,            872.0,   0.06780419999267906 ,   0.21626499999547377
cuello_botella, Greedy   ,  111,    50,   50,       45,                325,        326,        45,       0,        45,            99,            717.0,   0.09421750000910833 ,   0.25420719996327534
cuello_botella, Greedy   ,  112,    50,   50,       45,                335,        336,        45,       0,        45,           111,           1512.0,   0.3800726000335999  ,   0.5412413000012748
cuello_botella, Greedy   ,  113,    50,   50,       45,                375,        376,        45,       0,        45,           100,            666.0,   0.10972670000046492 ,   0.283828400017228
cuello_botella, Greedy   ,  114,    50,   50,       45,                400,        401,         0,      45,        45,              ,           1146.0,  11.033417099970393   ,  11.195853499986697
cuello_botella, Greedy   ,  115,    50,   50,       45,                320,        321,        42,       3,        45,           134,            323.0,   0.27859890001127496 ,   0.4615995000349358
cuello_botella, Greedy   ,  116,    50,   50,       45,                375,        376,        44,       1,        45,           161,           1474.0,   0.4687580000027083  ,   0.6233692999812774
cuello_botella, Greedy   ,  117,    50,   50,       45,                355,        356,        45,       0,        45,            97,            603.0,   0.10933489998569712 ,   0.2678089000401087
cuello_botella, Greedy   ,  118,    50,   50,       45,                345,        346,        45,       0,        45,           128,            669.0,   0.1573925000266172  ,   0.3162334999651648
cuello_botella, Greedy   ,  119,    50,   50,       45,                410,        411,        41,       4,        45,           128,           1983.0,   0.44079050002619624 ,   0.6113379999878816
cuello_botella, Genetico ,    0,    50,   50,       45,                300,        301,        22,      23,        45,           258,            177.0,  70.1719133000006     ,  70.32395589997759
cuello_botella, Genetico ,    1,    50,   50,       45,                320,        321,        17,      28,        45,           283,             51.0,  82.27544520003721    ,  82.45330079999985
cuello_botella, Genetico ,    2,    50,   50,       45,                330,        331,        21,      24,        45,           303,            191.0,  73.02668459998677    ,  73.20019050000701
cuello_botella, Genetico ,    3,    50,   50,       45,                255,        256,        40,       5,        45,           232,            290.0,  68.57459100004053    ,  68.73306840000441
cuello_botella, Genetico ,    4,    50,   50,       45,                400,        401,        34,      11,        45,           349,            444.0, 100.53639520000434    , 100.71093649999239
cuello_botella, Genetico ,    5,    50,   50,       45,                445,        446,        28,      17,        45,           408,            951.0, 103.710768799996      , 103.87739439995494
cuello_botella, Genetico ,    6,    50,   50,       45,                295,        296,        13,      32,        45,           250,             62.0,  59.91448699997272    ,  60.0743877000059
cuello_botella, Genetico ,    7,    50,   50,       45,                275,        276,        40,       5,        45,           265,            145.0,  83.76050269999541    ,  83.91564560000552
cuello_botella, Genetico ,    8,    50,   50,       45,                250,        251,        35,      10,        45,           236,            187.0,  65.39706569997361    ,  65.55683670000872
cuello_botella, Genetico ,    9,    50,   50,       45,                360,        361,         3,      42,        45,           352,            854.0,  70.4498357999837     ,  70.61914870003238
cuello_botella, Genetico ,   10,    50,   50,       45,                275,        276,        41,       4,        45,           265,            204.0,  80.2309143000166     ,  80.38461240002653
cuello_botella, Genetico ,   11,    50,   50,       45,                310,        311,        38,       7,        45,           300,            329.0,  89.70742050005356    ,  89.8685942000011
cuello_botella, Genetico ,   12,    50,   50,       45,                440,        441,        21,      24,        45,           393,            814.0,  98.75013630004833    ,  98.90619870001683
cuello_botella, Genetico ,   13,    50,   50,       45,                510,        511,        31,      14,        45,           462,            705.0, 124.52161860000342    , 124.67624590004561
cuello_botella, Genetico ,   14,    50,   50,       45,                400,        401,        41,       4,        45,           347,            249.0, 108.22003139997832    , 108.3855461999774
cuello_botella, Genetico ,   15,    50,   50,       45,                365,        366,        26,      19,        45,           337,            525.0,  98.96021869999822    ,  99.11177579994546
cuello_botella, Genetico ,   16,    50,   50,       45,                340,        341,        30,      15,        45,           295,            193.0,  90.1192391999648     ,  90.28616850002436
cuello_botella, Genetico ,   17,    50,   50,       45,                295,        296,        44,       1,        45,           283,            102.0,  89.62761089997366    ,  89.79404829995474
cuello_botella, Genetico ,   18,    50,   50,       45,                260,        261,        34,      11,        45,           238,             80.0,  72.19006469997112    ,  72.37037589994725
cuello_botella, Genetico ,   19,    50,   50,       45,                395,        396,        18,      27,        45,           355,            445.0, 104.13162880000891    , 104.2843542000046
cuello_botella, Genetico ,   20,    50,   50,       45,                250,        251,        38,       7,        45,           237,             70.0,  71.94408449996263    ,  72.0967840999947
cuello_botella, Genetico ,   21,    50,   50,       45,                350,        351,        26,      19,        45,           337,            140.0,  77.78648589999648    ,  77.94029120000778
cuello_botella, Genetico ,   22,    50,   50,       45,                310,        311,        38,       7,        45,           291,            358.0,  85.89263270003721    ,  86.04792540002381
cuello_botella, Genetico ,   23,    50,   50,       45,                430,        431,        37,       8,        45,           389,             95.0, 107.32395719998749    , 107.52245859999675
cuello_botella, Genetico ,   24,    50,   50,       45,                370,        371,        23,      22,        45,           297,            335.0,  82.69040310004493    ,  82.84551569999894
cuello_botella, Genetico ,   25,    50,   50,       45,                390,        391,        43,       2,        45,           313,             55.0, 108.29191400000127    , 108.4578143999679
cuello_botella, Genetico ,   26,    50,   50,       45,                350,        351,        45,       0,        45,           332,             67.0, 100.06816190003883    , 100.23633230000269
cuello_botella, Genetico ,   27,    50,   50,       45,                455,        456,        40,       5,        45,           441,            147.0, 118.79627709998749    , 118.9540329000447
cuello_botella, Genetico ,   28,    50,   50,       45,                280,        281,        27,      18,        45,           257,            290.0,  78.22740819997853    ,  78.37763599999016
cuello_botella, Genetico ,   29,    50,   50,       45,                265,        266,        14,      31,        45,           231,            115.0,  58.636555599980056   ,  58.794144399988
cuello_botella, Genetico ,   30,    50,   50,       45,                470,        471,        27,      18,        45,           428,            555.0, 127.88372830004664    , 128.04220090003219
cuello_botella, Genetico ,   31,    50,   50,       45,                560,        561,        20,      25,        45,           550,           1219.0, 136.20694449997973    , 136.36181639996357
cuello_botella, Genetico ,   32,    50,   50,       45,                225,        226,        26,      19,        45,           217,             93.0,  63.913355299970135   ,  64.07149750000099
cuello_botella, Genetico ,   33,    50,   50,       45,                405,        406,        34,      11,        45,           378,            622.0, 109.77709829999367    , 109.92917690001195
cuello_botella, Genetico ,   34,    50,   50,       45,                415,        416,        19,      26,        45,           398,           1760.0,  98.0361375999637     ,  98.19984940002905
cuello_botella, Genetico ,   35,    50,   50,       45,                350,        351,        42,       3,        45,           327,             80.0,  97.57256299996516    ,  97.73694059997797
cuello_botella, Genetico ,   36,    50,   50,       45,                315,        316,        32,      13,        45,           299,            373.0,  76.4879047999857     ,  76.6411778999609
cuello_botella, Genetico ,   37,    50,   50,       45,                340,        341,        41,       4,        45,           311,            167.0,  93.93269380001584    ,  94.09175490000052
cuello_botella, Genetico ,   38,    50,   50,       45,                320,        321,        40,       5,        45,           291,            123.0,  86.46514649997698    ,  86.6243012000341
cuello_botella, Genetico ,   39,    50,   50,       45,                230,        231,        28,      17,        45,           205,             32.0,  69.35149069997715    ,  69.50923279998824
cuello_botella, Genetico ,   40,    50,   50,       45,                255,        256,        41,       4,        45,           242,             36.0,  74.97899500001222    ,  75.16296799998963
cuello_botella, Genetico ,   41,    50,   50,       45,                315,        316,        40,       5,        45,           284,            180.0,  86.93731619999744    ,  87.09549810003955
cuello_botella, Genetico ,   42,    50,   50,       45,                360,        361,        42,       3,        45,           343,            138.0, 103.65661519998685    , 103.83424870000454
cuello_botella, Genetico ,   43,    50,   50,       45,                315,        316,        39,       6,        45,           292,            164.0,  83.32250200002454    ,  83.47055010002805
cuello_botella, Genetico ,   44,    50,   50,       45,                255,        256,        43,       2,        45,           201,             23.0,  72.14542509999592    ,  72.30661050003255
cuello_botella, Genetico ,   45,    50,   50,       45,                235,        236,        22,      23,        45,           216,            216.0,  60.11239659995772    ,  60.26738380000461
cuello_botella, Genetico ,   46,    50,   50,       45,                320,        321,        36,       9,        45,           295,            134.0,  88.56680099997902    ,  88.72659450001083
cuello_botella, Genetico ,   47,    50,   50,       45,                415,        416,        45,       0,        45,           377,            263.0, 114.73503049998544    , 114.90613909997046
cuello_botella, Genetico ,   48,    50,   50,       45,                405,        406,        37,       8,        45,           372,            140.0, 108.55466820002766    , 108.71454919996904
cuello_botella, Genetico ,   49,    50,   50,       45,                460,        461,        39,       6,        45,           416,            332.0, 122.36491240002215    , 122.5281664999784
cuello_botella, Genetico ,   50,    50,   50,       45,                250,        251,        42,       3,        45,           238,             48.0,  67.76522479997948    ,  67.92757709999569
cuello_botella, Genetico ,   51,    50,   50,       45,                280,        281,        44,       1,        45,           268,             72.0,  81.40915670001414    ,  81.57669239997631
cuello_botella, Genetico ,   52,    50,   50,       45,                285,        286,        41,       4,        45,           271,             81.0,  81.32047059998149    ,  81.48092430003453
cuello_botella, Genetico ,   53,    50,   50,       45,                300,        301,        34,      11,        45,           242,             21.0,  73.27069360000314    ,  73.43693670001812
cuello_botella, Genetico ,   54,    50,   50,       45,                285,        286,        38,       7,        45,           261,             81.0,  78.69902260001982    ,  78.8634079999756
cuello_botella, Genetico ,   55,    50,   50,       45,                235,        236,         6,      39,        45,           173,              0.0,  48.304616799985524   ,  48.46232210000744
cuello_botella, Genetico ,   56,    50,   50,       45,                380,        381,        36,       9,        45,           368,            454.0, 104.5475808000192     , 104.70297029998619
cuello_botella, Genetico ,   57,    50,   50,       45,                385,        386,        43,       2,        45,           328,             99.0, 106.48957999999402    , 106.6456518000341
cuello_botella, Genetico ,   58,    50,   50,       45,                470,        471,        39,       6,        45,           437,            463.0, 130.31448220001766    , 130.4648461000179
cuello_botella, Genetico ,   59,    50,   50,       45,                275,        276,        39,       6,        45,           254,            128.0,  74.11247069999808    ,  74.27868309995392
cuello_botella, Genetico ,   60,    50,   50,       45,                300,        301,        45,       0,        45,           288,            227.0,  87.48404869996011    ,  87.64622609998332
cuello_botella, Genetico ,   61,    50,   50,       45,                280,        281,         7,      38,        45,           269,            217.0,  69.6926836000057     ,  69.84662790002767
cuello_botella, Genetico ,   62,    50,   50,       45,                305,        306,        35,      10,        45,           293,             71.0,  85.73061580001377    ,  85.88321460003499
cuello_botella, Genetico ,   63,    50,   50,       45,                365,        366,        40,       5,        45,           353,            235.0, 105.37978660000954    , 105.54373779997695
cuello_botella, Genetico ,   64,    50,   50,       45,                280,        281,        14,      31,        45,           274,            473.0,  83.59789370000362    ,  83.74745780002559
cuello_botella, Genetico ,   65,    50,   50,       45,                310,        311,        38,       7,        45,           300,            970.0,  88.04492570000002    ,  88.20826879999368
cuello_botella, Genetico ,   66,    50,   50,       45,                350,        351,        42,       3,        45,           325,            545.0,  93.89940729999216    ,  94.06222540000454
cuello_botella, Genetico ,   67,    50,   50,       45,                250,        251,        28,      17,        45,           215,             72.0,  69.3175435999874     ,  69.4722502999939
cuello_botella, Genetico ,   68,    50,   50,       45,                330,        331,        19,      26,        45,           300,            123.0,  67.60411810001824    ,  67.76540659996681
cuello_botella, Genetico ,   69,    50,   50,       45,                375,        376,        40,       5,        45,           360,            388.0, 101.38243920000969    , 101.53718949999893
cuello_botella, Genetico ,   70,    50,   50,       45,                365,        366,        42,       3,        45,           346,            732.0,  97.89692770002875    ,  98.05656420002924
cuello_botella, Genetico ,   71,    50,   50,       45,                255,        256,        34,      11,        45,           245,            168.0,  68.37335730000632    ,  68.53489690000424
cuello_botella, Genetico ,   72,    50,   50,       45,                250,        251,        30,      15,        45,           244,            296.0,  76.82192419999046    ,  76.97427700000117
cuello_botella, Genetico ,   73,    50,   50,       45,                255,        256,        29,      16,        45,           231,            101.0,  70.87192379997578    ,  71.03020139998989
cuello_botella, Genetico ,   74,    50,   50,       45,                355,        356,        40,       5,        45,           340,            275.0,  92.96291010000277    ,  93.1330614000326
cuello_botella, Genetico ,   75,    50,   50,       45,                305,        306,        38,       7,        45,           289,            358.0,  91.39612980000675    ,  91.55499160004547
cuello_botella, Genetico ,   76,    50,   50,       45,                260,        261,        44,       1,        45,           238,              4.0,  76.56485119997524    ,  76.73079460003646
cuello_botella, Genetico ,   77,    50,   50,       45,                420,        421,         7,      38,        45,           389,            333.0,  87.49131989997113    ,  87.67582190001849
cuello_botella, Genetico ,   78,    50,   50,       45,                345,        346,        27,      18,        45,           285,            290.0,  80.13458019995596    ,  80.29737960000057
cuello_botella, Genetico ,   79,    50,   50,       45,                400,        401,        42,       3,        45,           368,             82.0, 110.01631819998147    , 110.18269730004249
cuello_botella, Genetico ,   80,    50,   50,       45,                435,        436,        37,       8,        45,           405,            345.0, 113.02093519998016    , 113.18536010000389
cuello_botella, Genetico ,   81,    50,   50,       45,                415,        416,        38,       7,        45,           347,            230.0, 113.25080350000644    , 113.41285159997642
cuello_botella, Genetico ,   82,    50,   50,       45,                275,        276,        34,      11,        45,           261,            242.0,  73.70278799999505    ,  73.85993929998949
cuello_botella, Genetico ,   83,    50,   50,       45,                240,        241,        36,       9,        45,           233,            123.0,  67.78898650000338    ,  67.94533229997614
cuello_botella, Genetico ,   84,    50,   50,       45,                425,        426,        21,      24,        45,           403,           1233.0,  96.26129419996869    ,  96.41195869998774
cuello_botella, Genetico ,   85,    50,   50,       45,                550,        551,        23,      22,        45,           536,           1165.0, 125.49766210000962    , 125.66425049997633
cuello_botella, Genetico ,   86,    50,   50,       45,                225,        226,        20,      25,        45,           216,            119.0,  70.32417120004538    ,  70.48005899996497
cuello_botella, Genetico ,   87,    50,   50,       45,                260,        261,        45,       0,        45,           238,             41.0,  78.00090819998877    ,  78.15973850002047
cuello_botella, Genetico ,   88,    50,   50,       45,                335,        336,        23,      22,        45,           307,            305.0,  73.52370869996957    ,  73.68076149997069
cuello_botella, Genetico ,   89,    50,   50,       45,                265,        266,        42,       3,        45,           257,             54.0,  75.48071099998197    ,  75.63582030002726
cuello_botella, Genetico ,   90,    50,   50,       45,                265,        266,        45,       0,        45,           220,             21.0,  74.8282157999929     ,  74.99594890000299
cuello_botella, Genetico ,   91,    50,   50,       45,                360,        361,        22,      23,        45,           350,            314.0,  96.93033790000482    ,  97.07973420002963
cuello_botella, Genetico ,   92,    50,   50,       45,                370,        371,        22,      23,        45,           334,            669.0,  83.24876780004706    ,  83.41060420003487
cuello_botella, Genetico ,   93,    50,   50,       45,                370,        371,        37,       8,        45,           359,            164.0, 110.98872359999223    , 111.14696580002783
cuello_botella, Genetico ,   94,    50,   50,       45,                490,        491,        33,      12,        45,           466,            657.0, 119.51925890002167    , 119.68106560001615
cuello_botella, Genetico ,   95,    50,   50,       45,                275,        276,        25,      20,        45,           244,            103.0,  78.66121629998088    ,  78.81668449996505
cuello_botella, Genetico ,   96,    50,   50,       45,                275,        276,        30,      15,        45,           246,            610.0,  74.39411950000795    ,  74.55518429999938
cuello_botella, Genetico ,   97,    50,   50,       45,                380,        381,        42,       3,        45,           355,            153.0, 108.72359389998019    , 108.88810719997855
cuello_botella, Genetico ,   98,    50,   50,       45,                335,        336,        40,       5,        45,           294,            113.0,  94.1450654999935     ,  94.30280479998328
cuello_botella, Genetico ,   99,    50,   50,       45,                260,        261,        42,       3,        45,           228,             55.0,  74.314145500015      ,  74.47662979998859
cuello_botella, Genetico ,  100,    50,   50,       45,                340,        341,        41,       4,        45,           317,            203.0,  87.92487279995112    ,  88.08501270000124
cuello_botella, Genetico ,  101,    50,   50,       45,                465,        466,        33,      12,        45,           444,           1092.0, 112.55447809997713    , 112.71330969996052
cuello_botella, Genetico ,  102,    50,   50,       45,                315,        316,        29,      16,        45,           292,            606.0,  81.0851796999923     ,  81.24372029997176
cuello_botella, Genetico ,  103,    50,   50,       45,                335,        336,        42,       3,        45,           310,            131.0,  89.04989490000298    ,  89.20854840002721
cuello_botella, Genetico ,  104,    50,   50,       45,                335,        336,        25,      20,        45,           288,            318.0,  82.28475150000304    ,  82.44219359999988
cuello_botella, Genetico ,  105,    50,   50,       45,                360,        361,        39,       6,        45,           321,            202.0,  98.80102299997816    ,  98.96238270000322
cuello_botella, Genetico ,  106,    50,   50,       45,                290,        291,        45,       0,        45,           277,            314.0,  79.08768479997525    ,  79.24206070002401
cuello_botella, Genetico ,  107,    50,   50,       45,                330,        331,        39,       6,        45,           323,             49.0,  98.7182010000106     ,  98.87911179999355
cuello_botella, Genetico ,  108,    50,   50,       45,                385,        386,        43,       2,        45,           295,             20.0, 100.27735009999014    , 100.44144289998803
cuello_botella, Genetico ,  109,    50,   50,       45,                365,        366,        10,      35,        45,           351,            887.0,  83.49144399998477    ,  83.64407350000693
cuello_botella, Genetico ,  110,    50,   50,       45,                270,        271,        39,       6,        45,           255,             84.0,  79.89557419996709    ,  80.0445594000048
cuello_botella, Genetico ,  111,    50,   50,       45,                325,        326,        45,       0,        45,           304,            136.0,  87.50933700002497    ,  87.66885499999626
cuello_botella, Genetico ,  112,    50,   50,       45,                335,        336,        25,      20,        45,           325,            809.0,  89.72206050000386    ,  89.88465429999633
cuello_botella, Genetico ,  113,    50,   50,       45,                375,        376,        45,       0,        45,           336,            175.0, 102.42004699999234    , 102.59632650000276
cuello_botella, Genetico ,  114,    50,   50,       45,                400,        401,         0,      45,        45,              ,              0.0,  70.29451899998821    ,  70.46317320002709
cuello_botella, Genetico ,  115,    50,   50,       45,                320,        321,        21,      24,        45,           294,            200.0,  83.35751150001306    ,  83.51833160000388
cuello_botella, Genetico ,  116,    50,   50,       45,                375,        376,        38,       7,        45,           338,            368.0,  88.55093629995827    ,  88.70800600002985
cuello_botella, Genetico ,  117,    50,   50,       45,                355,        356,        41,       4,        45,           311,            173.0,  99.62362369999755    ,  99.78248899994651
cuello_botella, Genetico ,  118,    50,   50,       45,                345,        346,        43,       2,        45,           300,             87.0,  91.03957490000175    ,  91.20186480000848
cuello_botella, Genetico ,  119,    50,   50,       45,                410,        411,        20,      25,        45,           400,            446.0,  84.6967663000105     ,  84.86775249999482
laberinto     , BFS      ,    0,    50,   50,       45,                425,        426,        41,       4,        45,           134,           3845.0,   1.6714043999672867  ,   1.863288199994713
laberinto     , BFS      ,    1,    50,   50,       45,                330,        331,        32,      13,        45,           118,            338.0,   1.5192419000086375  ,   1.679950200021267
laberinto     , BFS      ,    2,    50,   50,       45,                570,        571,        45,       0,        45,           125,           1366.0,   1.7809685000102036  ,   1.9441925000282936
laberinto     , BFS      ,    3,    50,   50,       45,                345,        346,        40,       5,        45,           101,           2228.0,   1.3940631999867037  ,   1.5618684999644756
laberinto     , BFS      ,    4,    50,   50,       45,                300,        301,        41,       4,        45,            90,            780.0,   0.7426956999697722  ,   0.9050835000234656
laberinto     , BFS      ,    5,    50,   50,       45,                310,        311,        43,       2,        45,            99,           4414.0,   1.4134944999823347  ,   1.5876459999708459
laberinto     , BFS      ,    6,    50,   50,       45,                290,        291,        45,       0,        45,            82,            730.0,   0.7885580000001937  ,   0.9472032000194304
laberinto     , BFS      ,    7,    50,   50,       45,                270,        271,        44,       1,        45,            86,            815.0,   0.8276470999699086  ,   0.9850591000285931
laberinto     , BFS      ,    8,    50,   50,       45,                245,        246,        45,       0,        45,            73,            986.0,   0.5743088999879546  ,   0.7383675000164658
laberinto     , BFS      ,    9,    50,   50,       45,                395,        396,        45,       0,        45,           103,            808.0,   1.2320906999520957  ,   1.3966868999996223
laberinto     , BFS      ,   10,    50,   50,       45,                260,        261,        44,       1,        45,            86,           1433.0,   0.8641078000073321  ,   1.0317261000163853
laberinto     , BFS      ,   11,    50,   50,       45,                420,        421,        42,       3,        45,            85,            720.0,   0.6879010000266135  ,   0.8498232999700122
laberinto     , BFS      ,   12,    50,   50,       45,                525,        526,        45,       0,        45,           122,            963.0,   1.4899233999894932  ,   1.6514395999838598
laberinto     , BFS      ,   13,    50,   50,       45,                295,        296,        37,       8,        45,           125,            662.0,   1.0289146999712102  ,   1.1895176999969408
laberinto     , BFS      ,   14,    50,   50,       45,                300,        301,        45,       0,        45,            74,           2237.0,   0.6973472000099719  ,   0.8526054000249133
laberinto     , BFS      ,   15,    50,   50,       45,                340,        341,        29,      16,        45,            78,            389.0,   1.1708959999959916  ,   1.334265300014522
laberinto     , BFS      ,   16,    50,   50,       45,                380,        381,        44,       1,        45,            86,            965.0,   0.7038696000236087  ,   0.8645482999854721
laberinto     , BFS      ,   17,    50,   50,       45,                325,        326,        45,       0,        45,            84,            610.0,   0.8496734999935143  ,   1.017815800034441
laberinto     , BFS      ,   18,    50,   50,       45,                225,        226,        41,       4,        45,            75,           1494.0,   0.5514452999923378  ,   0.7193002999993041
laberinto     , BFS      ,   19,    50,   50,       45,                370,        371,        44,       1,        45,            94,           1590.0,   0.9810184999951161  ,   1.1411609000060707
laberinto     , BFS      ,   20,    50,   50,       45,                300,        301,        40,       5,        45,            82,           1153.0,   0.8528555000084452  ,   1.017682000005152
laberinto     , BFS      ,   21,    50,   50,       45,                560,        561,        45,       0,        45,           108,           1901.0,   1.5121244000038132  ,   1.673949200019706
laberinto     , BFS      ,   22,    50,   50,       45,                240,        241,        39,       6,        45,           116,           1266.0,   0.8276638999814168  ,   0.9867718000314198
laberinto     , BFS      ,   23,    50,   50,       45,                405,        406,        34,      11,        45,           118,           1204.0,   1.9436384000000544  ,   2.1090404999558814
laberinto     , BFS      ,   24,    50,   50,       45,                350,        351,        45,       0,        45,            90,            811.0,   0.6497327000251971  ,   0.8070766999735497
laberinto     , BFS      ,   25,    50,   50,       45,                365,        366,        45,       0,        45,           105,            389.0,   0.7682851999998093  ,   0.9359014999936335
laberinto     , BFS      ,   26,    50,   50,       45,                455,        456,        25,      20,        45,           117,           1106.0,   1.7736027000355534  ,   1.929089399985969
laberinto     , BFS      ,   27,    50,   50,       45,                435,        436,        45,       0,        45,            87,            876.0,   0.8807900999672711  ,   1.0452540999976918
laberinto     , BFS      ,   28,    50,   50,       45,                370,        371,        45,       0,        45,           100,           1347.0,   1.1905916999676265  ,   1.3840326000354253
laberinto     , BFS      ,   29,    50,   50,       45,                275,        276,        43,       2,        45,            90,           1986.0,   0.9505508999573067  ,   1.1141104000271298
laberinto     , BFS      ,   30,    50,   50,       45,                330,        331,        45,       0,        45,            76,           1159.0,   0.7792232999927364  ,   0.9447745999787003
laberinto     , BFS      ,   31,    50,   50,       45,                550,        551,        45,       0,        45,           113,           1134.0,   1.2931107999756932  ,   1.4547096000169404
laberinto     , BFS      ,   32,    50,   50,       45,                265,        266,        37,       8,        45,           139,            800.0,   0.9923082000459544  ,   1.158241499972064
laberinto     , BFS      ,   33,    50,   50,       45,                280,        281,        45,       0,        45,            91,           1408.0,   0.9907143000164069  ,   1.1494245000067167
laberinto     , BFS      ,   34,    50,   50,       45,                530,        531,        45,       0,        45,           117,           3169.0,   1.737464200006798   ,   1.9063619999797083
laberinto     , BFS      ,   35,    50,   50,       45,                375,        376,        42,       3,        45,           109,            832.0,   0.6676716000074521  ,   0.8308770000003278
laberinto     , BFS      ,   36,    50,   50,       45,                275,        276,        45,       0,        45,            90,            808.0,   1.01203780004289    ,   1.179033900029026
laberinto     , BFS      ,   37,    50,   50,       45,                450,        451,        12,      33,        45,           111,           1815.0,   5.079019199998584   ,   5.2444871999905445
laberinto     , BFS      ,   38,    50,   50,       45,                380,        381,        45,       0,        45,            92,           1661.0,   0.8199695000075735  ,   0.9834237000322901
laberinto     , BFS      ,   39,    50,   50,       45,                390,        391,        39,       6,        45,            89,            724.0,   0.8979889000183903  ,   1.0653428999939933
laberinto     , BFS      ,   40,    50,   50,       45,                370,        371,        45,       0,        45,            72,            484.0,   0.7303582999738865  ,   0.8981307999929413
laberinto     , BFS      ,   41,    50,   50,       45,                250,        251,        45,       0,        45,            77,            467.0,   0.7278727000229992  ,   0.8990728000062518
laberinto     , BFS      ,   42,    50,   50,       45,                325,        326,        45,       0,        45,            75,           1016.0,   0.7800122000044212  ,   0.940744600025937
laberinto     , BFS      ,   43,    50,   50,       45,                305,        306,        45,       0,        45,            86,           1093.0,   0.8953869999968447  ,   1.0639471000176854
laberinto     , BFS      ,   44,    50,   50,       45,                410,        411,        45,       0,        45,           105,           1257.0,   1.2070428000297397  ,   1.3687143999850377
laberinto     , BFS      ,   45,    50,   50,       45,                225,        226,        45,       0,        45,            71,           1214.0,   0.7969402000308037  ,   0.9595557000138797
laberinto     , BFS      ,   46,    50,   50,       45,                295,        296,        44,       1,        45,            93,            854.0,   0.8974938999745063  ,   1.0642441000090912
laberinto     , BFS      ,   47,    50,   50,       45,                330,        331,        45,       0,        45,            86,           1517.0,   0.8098153999890201  ,   0.9706715999636799
laberinto     , BFS      ,   48,    50,   50,       45,                350,        351,        44,       1,        45,            81,           1195.0,   0.8749482000130229  ,   1.039447899966035
laberinto     , BFS      ,   49,    50,   50,       45,                395,        396,        44,       1,        45,            84,           1106.0,   0.8030932000256144  ,   0.9742651999695227
laberinto     , BFS      ,   50,    50,   50,       45,                255,        256,        45,       0,        45,            84,            752.0,   0.8617313000140712  ,   1.0245654999744147
laberinto     , BFS      ,   51,    50,   50,       45,                460,        461,        40,       5,        45,           106,           2940.0,   1.4353147000074387  ,   1.6047105999896303
laberinto     , BFS      ,   52,    50,   50,       45,                320,        321,        44,       1,        45,            92,           2304.0,   1.002919299993664   ,   1.16662550001638
laberinto     , BFS      ,   53,    50,   50,       45,                255,        256,        43,       2,        45,           108,           1057.0,   0.9353239000192843  ,   1.0883925999514759
laberinto     , BFS      ,   54,    50,   50,       45,                285,        286,        45,       0,        45,           116,           1051.0,   1.168004600040149   ,   1.329646900005173
laberinto     , BFS      ,   55,    50,   50,       45,                325,        326,        45,       0,        45,            71,           1193.0,   0.7888204000191763  ,   0.9579272999544628
laberinto     , BFS      ,   56,    50,   50,       45,                295,        296,        38,       7,        45,            73,           1142.0,   0.7092888999613933  ,   0.8971603999962099
laberinto     , BFS      ,   57,    50,   50,       45,                360,        361,        45,       0,        45,            81,           1214.0,   0.9058838000055403  ,   1.0664954000385478
laberinto     , BFS      ,   58,    50,   50,       45,                320,        321,        44,       1,        45,           106,           1640.0,   1.337747399986256   ,   1.4915998000069521
laberinto     , BFS      ,   59,    50,   50,       45,                350,        351,        45,       0,        45,            92,           1117.0,   0.7376612999942154  ,   0.8993727000197396
laberinto     , BFS      ,   60,    50,   50,       45,                405,        406,        45,       0,        45,            92,           1921.0,   0.7090000999742188  ,   0.8705778000294231
laberinto     , BFS      ,   61,    50,   50,       45,                385,        386,        44,       1,        45,           107,           1747.0,   1.3041517999954522  ,   1.467485899978783
laberinto     , BFS      ,   62,    50,   50,       45,                265,        266,        45,       0,        45,            89,           1187.0,   0.519204499956686   ,   0.6784450000268407
laberinto     , BFS      ,   63,    50,   50,       45,                280,        281,        45,       0,        45,            82,            753.0,   0.7723261999781244  ,   0.9362162999459542
laberinto     , BFS      ,   64,    50,   50,       45,                370,        371,        45,       0,        45,            89,            980.0,   0.8610461000353098  ,   1.022609299980104
laberinto     , BFS      ,   65,    50,   50,       45,                340,        341,        43,       2,        45,            82,            840.0,   0.6616511000320315  ,   0.8322892999858595
laberinto     , BFS      ,   66,    50,   50,       45,                330,        331,        33,      12,        45,           118,            860.0,   1.3822314000572078  ,   1.5435994999716058
laberinto     , BFS      ,   67,    50,   50,       45,                290,        291,        43,       2,        45,            90,           2438.0,   0.9714238999877125  ,   1.131984600040596
laberinto     , BFS      ,   68,    50,   50,       45,                310,        311,        45,       0,        45,            79,            744.0,   0.7066039000055753  ,   0.8677613000036217
laberinto     , BFS      ,   69,    50,   50,       45,                410,        411,        45,       0,        45,            90,           1649.0,   0.8644244000315666  ,   1.0245208999840543
laberinto     , BFS      ,   70,    50,   50,       45,                275,        276,        39,       6,        45,           109,            467.0,   0.9488110999809578  ,   1.1165190000319853
laberinto     , BFS      ,   71,    50,   50,       45,                445,        446,        45,       0,        45,            90,            893.0,   0.9446949000121094  ,   1.0990368999773636
laberinto     , BFS      ,   72,    50,   50,       45,                275,        276,        45,       0,        45,            92,           1871.0,   1.0154879000037909  ,   1.1787016000016592
laberinto     , BFS      ,   73,    50,   50,       45,                485,        486,        45,       0,        45,           103,           1031.0,   1.018476199998986   ,   1.1862270000274293
laberinto     , BFS      ,   74,    50,   50,       45,                325,        326,        45,       0,        45,            79,            912.0,   0.7631529999780469  ,   0.9244248999748379
laberinto     , BFS      ,   75,    50,   50,       45,                305,        306,        43,       2,        45,           103,           2226.0,   1.3611150999786332  ,   1.51863470004173
laberinto     , BFS      ,   76,    50,   50,       45,                510,        511,        45,       0,        45,           129,           1633.0,   1.8750706000137143  ,   2.0333881999831647
laberinto     , BFS      ,   77,    50,   50,       45,                340,        341,        45,       0,        45,            70,           1442.0,   0.7390284999855794  ,   0.9078596000326797
laberinto     , BFS      ,   78,    50,   50,       45,                265,        266,        45,       0,        45,            79,           1040.0,   0.74502809997648    ,   0.9086658000014722
laberinto     , BFS      ,   79,    50,   50,       45,                480,        481,        43,       2,        45,           102,           1399.0,   1.1365855000331067  ,   1.2953450999921188
laberinto     , BFS      ,   80,    50,   50,       45,                520,        521,        45,       0,        45,           124,           2958.0,   1.7338240999961272  ,   1.8963220000150613
laberinto     , BFS      ,   81,    50,   50,       45,                615,        616,        43,       2,        45,           124,           1039.0,   1.5777103999862447  ,   1.7442432999960147
laberinto     , BFS      ,   82,    50,   50,       45,                260,        261,        45,       0,        45,            82,           1063.0,   0.6348199999774806  ,   0.7929774000076577
laberinto     , BFS      ,   83,    50,   50,       45,                245,        246,        42,       3,        45,            79,           1028.0,   0.7184139000019059  ,   0.8741207999992184
laberinto     , BFS      ,   84,    50,   50,       45,                350,        351,        41,       4,        45,            98,           1479.0,   0.9565120000042953  ,   1.1137423999607563
laberinto     , BFS      ,   85,    50,   50,       45,                245,        246,        45,       0,        45,            71,            778.0,   0.49671529995976016 ,   0.6806602000142448
laberinto     , BFS      ,   86,    50,   50,       45,                270,        271,        45,       0,        45,            81,            703.0,   0.7592628999846056  ,   0.9269021999789402
laberinto     , BFS      ,   87,    50,   50,       45,                325,        326,        45,       0,        45,            81,           1548.0,   0.9811015999875963  ,   1.1391306000296026
laberinto     , BFS      ,   88,    50,   50,       45,                290,        291,        42,       3,        45,            79,            999.0,   0.8095576000050642  ,   0.9786715999944136
laberinto     , BFS      ,   89,    50,   50,       45,                340,        341,        22,      23,        45,            98,           1531.0,   3.129128700005822   ,   3.2895974999992177
laberinto     , BFS      ,   90,    50,   50,       45,                280,        281,        44,       1,        45,            77,           1113.0,   0.6992632999899797  ,   0.8784607000416145
laberinto     , BFS      ,   91,    50,   50,       45,                295,        296,        43,       2,        45,            83,            877.0,   0.80951809999533    ,   0.9696502999868244
laberinto     , BFS      ,   92,    50,   50,       45,                345,        346,        43,       2,        45,            89,           1506.0,   0.9517721000011079  ,   1.1126324000069872
laberinto     , BFS      ,   93,    50,   50,       45,                470,        471,        35,      10,        45,           152,           1556.0,   1.83068800001638    ,   1.992251900024712
laberinto     , BFS      ,   94,    50,   50,       45,                335,        336,        45,       0,        45,           111,           1475.0,   1.473243300046306   ,   1.635556599998381
laberinto     , BFS      ,   95,    50,   50,       45,                270,        271,        45,       0,        45,            74,            771.0,   0.6444622999988496  ,   0.8108629999915138
laberinto     , BFS      ,   96,    50,   50,       45,                245,        246,        41,       4,        45,           127,           1067.0,   0.8643430999945849  ,   1.0276945999939926
laberinto     , BFS      ,   97,    50,   50,       45,                415,        416,        45,       0,        45,           107,           3048.0,   1.2210460000205785  ,   1.3856513999635354
laberinto     , BFS      ,   98,    50,   50,       45,                350,        351,        44,       1,        45,            91,           1906.0,   1.0417935000150464  ,   1.213679799984675
laberinto     , BFS      ,   99,    50,   50,       45,                230,        231,        44,       1,        45,            69,            703.0,   0.6789939000154845  ,   0.8484899000031874
laberinto     , BFS      ,  100,    50,   50,       45,                305,        306,        38,       7,        45,            97,           1316.0,   0.8306123999645934  ,   0.991622700006701
laberinto     , BFS      ,  101,    50,   50,       45,                335,        336,         8,      37,        45,            78,           1385.0,   9.062578800017945   ,   9.23084309999831
laberinto     , BFS      ,  102,    50,   50,       45,                355,        356,        45,       0,        45,            93,            912.0,   0.9343712000409141  ,   1.0946073000086471
laberinto     , BFS      ,  103,    50,   50,       45,                295,        296,        43,       2,        45,           112,           1034.0,   1.5828639999963343  ,   1.7497067999793217
laberinto     , BFS      ,  104,    50,   50,       45,                305,        306,        45,       0,        45,            90,           1180.0,   0.9883414999931119  ,   1.1529305999865755
laberinto     , BFS      ,  105,    50,   50,       45,                380,        381,        45,       0,        45,           129,           1755.0,   1.4054724999587052  ,   1.5783690999960527
laberinto     , BFS      ,  106,    50,   50,       45,                300,        301,        42,       3,        45,            80,            656.0,   0.9519169999985024  ,   1.1160675000282936
laberinto     , BFS      ,  107,    50,   50,       45,                360,        361,        25,      20,        45,            85,            754.0,   2.306398899992928   ,   2.472714800038375
laberinto     , BFS      ,  108,    50,   50,       45,                435,        436,        45,       0,        45,           100,            996.0,   1.1121660000062548  ,   1.2760086000198498
laberinto     , BFS      ,  109,    50,   50,       45,                325,        326,        45,       0,        45,            84,            956.0,   0.9350283999810927  ,   1.1109826999600045
laberinto     , BFS      ,  110,    50,   50,       45,                400,        401,        45,       0,        45,            85,            553.0,   0.7336753000272438  ,   0.8930706999963149
laberinto     , BFS      ,  111,    50,   50,       45,                330,        331,        44,       1,        45,            87,            421.0,   0.9071371000027284  ,   1.074770700011868
laberinto     , BFS      ,  112,    50,   50,       45,                460,        461,        45,       0,        45,           104,           2075.0,   1.496131299994886   ,   1.6844873000518419
laberinto     , BFS      ,  113,    50,   50,       45,                410,        411,        33,      12,        45,            99,           2087.0,   1.1552034000051208  ,   1.3099666999769397
laberinto     , BFS      ,  114,    50,   50,       45,                355,        356,        44,       1,        45,           109,            878.0,   1.0113143000053242  ,   1.1860253000049852
laberinto     , BFS      ,  115,    50,   50,       45,                390,        391,        44,       1,        45,           104,           1630.0,   0.8360612000105903  ,   0.9982537000323646
laberinto     , BFS      ,  116,    50,   50,       45,                345,        346,        45,       0,        45,            87,           1041.0,   1.00042910000775    ,   1.166829299996607
laberinto     , BFS      ,  117,    50,   50,       45,                360,        361,        45,       0,        45,            76,           1489.0,   0.7462249000091106  ,   0.9070150999468751
laberinto     , BFS      ,  118,    50,   50,       45,                320,        321,        45,       0,        45,            81,            500.0,   0.8275465999613516  ,   0.9858848999720067
laberinto     , BFS      ,  119,    50,   50,       45,                285,        286,        39,       6,        45,           107,           1083.0,   1.458592500013765   ,   1.6171010000398383
laberinto     , DFS      ,    0,    50,   50,       45,                425,        426,         0,      45,        45,              ,           2425.0,   1.2689597000135109  ,   1.4267556999693625
laberinto     , DFS      ,    1,    50,   50,       45,                330,        331,         1,      44,        45,           270,           5532.0,   2.4147595999529585  ,   2.576890500029549
laberinto     , DFS      ,    2,    50,   50,       45,                570,        571,         0,      45,        45,              ,          15275.0,   3.544265299977269   ,   3.706301699974574
laberinto     , DFS      ,    3,    50,   50,       45,                345,        346,         0,      45,        45,              ,           1031.0,   5.591491100029089   ,   5.757030899985693
laberinto     , DFS      ,    4,    50,   50,       45,                300,        301,         2,      43,        45,           290,           1150.0,   5.30491190002067    ,   5.466897899983451
laberinto     , DFS      ,    5,    50,   50,       45,                310,        311,         0,      45,        45,              ,           1749.0,   3.6116903999936767  ,   3.788310400035698
laberinto     , DFS      ,    6,    50,   50,       45,                290,        291,         6,      39,        45,           275,           3641.0,   1.3985538000124507  ,   1.559073399985209
laberinto     , DFS      ,    7,    50,   50,       45,                270,        271,         7,      38,        45,           248,           1051.0,   1.3471636999747716  ,   1.509623299993109
laberinto     , DFS      ,    8,    50,   50,       45,                245,        246,         1,      44,        45,           181,           1487.0,   2.09188229998108    ,   2.2571339000132866
laberinto     , DFS      ,    9,    50,   50,       45,                395,        396,         0,      45,        45,              ,          13624.0,   3.403486199968029   ,   3.5665340999839827
laberinto     , DFS      ,   10,    50,   50,       45,                260,        261,         0,      45,        45,              ,           2272.0,   2.001716500031762   ,   2.169601000030525
laberinto     , DFS      ,   11,    50,   50,       45,                420,        421,         5,      40,        45,           408,          10231.0,   3.1444278999697417  ,   3.305776600027457
laberinto     , DFS      ,   12,    50,   50,       45,                525,        526,        12,      33,        45,           505,          37614.0,   2.1290699999663047  ,   2.2967646999750286
laberinto     , DFS      ,   13,    50,   50,       45,                295,        296,         2,      43,        45,           265,           3452.0,   1.7938936999998987  ,   1.9661642999853939
laberinto     , DFS      ,   14,    50,   50,       45,                300,        301,         0,      45,        45,              ,           4246.0,   2.678659500030335   ,   2.8336418999824673
laberinto     , DFS      ,   15,    50,   50,       45,                340,        341,         0,      45,        45,              ,            745.0,   1.546730000001844   ,   1.7093712000059895
laberinto     , DFS      ,   16,    50,   50,       45,                380,        381,         2,      43,        45,           342,           2912.0,   1.3840188999893144  ,   1.5589648999739438
laberinto     , DFS      ,   17,    50,   50,       45,                325,        326,        19,      26,        45,           311,           7523.0,   2.2592730000033043  ,   2.447045299981255
laberinto     , DFS      ,   18,    50,   50,       45,                225,        226,         2,      43,        45,           203,            707.0,   3.0039654999854974  ,   3.1698704000446014
laberinto     , DFS      ,   19,    50,   50,       45,                370,        371,         0,      45,        45,              ,          10653.0,   4.011792900040746   ,   4.172547599999234
laberinto     , DFS      ,   20,    50,   50,       45,                300,        301,         1,      44,        45,            60,           2870.0,   1.6124002000433393  ,   1.7811968000023626
laberinto     , DFS      ,   21,    50,   50,       45,                560,        561,        11,      34,        45,           520,          17907.0,   5.467787900008261   ,   5.6336181000224315
laberinto     , DFS      ,   22,    50,   50,       45,                240,        241,         1,      44,        45,           228,           3242.0,   2.332538199960254   ,   2.4922159000416286
laberinto     , DFS      ,   23,    50,   50,       45,                405,        406,         0,      45,        45,              ,            973.0,   2.7656541999895126  ,   2.930333900032565
laberinto     , DFS      ,   24,    50,   50,       45,                350,        351,        11,      34,        45,           246,            756.0,   1.7072491999715567  ,   1.8657738999463618
laberinto     , DFS      ,   25,    50,   50,       45,                365,        366,         0,      45,        45,              ,          13098.0,   4.988520699960645   ,   5.163511999999173
laberinto     , DFS      ,   26,    50,   50,       45,                455,        456,        10,      35,        45,           433,          11012.0,   3.164102000009734   ,   3.318932299967855
laberinto     , DFS      ,   27,    50,   50,       45,                435,        436,         4,      41,        45,           425,           2249.0,   2.770409099990502   ,   2.93303770001512
laberinto     , DFS      ,   28,    50,   50,       45,                370,        371,         6,      39,        45,           332,           7154.0,   9.558521199971437   ,   9.712426799989771
laberinto     , DFS      ,   29,    50,   50,       45,                275,        276,         1,      44,        45,           231,           1842.0,   1.7302257999544963  ,   1.897586700040847
laberinto     , DFS      ,   30,    50,   50,       45,                330,        331,        19,      26,        45,           300,           7787.0,   2.593578100029845   ,   2.76013020001119
laberinto     , DFS      ,   31,    50,   50,       45,                550,        551,         0,      45,        45,              ,          11123.0,   3.4682920000050217  ,   3.6313630999648012
laberinto     , DFS      ,   32,    50,   50,       45,                265,        266,         0,      45,        45,              ,           3839.0,   3.4598752000019886  ,   3.6223340000142343
laberinto     , DFS      ,   33,    50,   50,       45,                280,        281,        18,      27,        45,           246,           6801.0,   1.2101894000079483  ,   1.369217999977991
laberinto     , DFS      ,   34,    50,   50,       45,                530,        531,         0,      45,        45,              ,          14543.0,   2.50370570004452    ,   2.670779899985064
laberinto     , DFS      ,   35,    50,   50,       45,                375,        376,         5,      40,        45,           339,           6041.0,   1.4726732000126503  ,   1.6420755999861285
laberinto     , DFS      ,   36,    50,   50,       45,                275,        276,         0,      45,        45,              ,           1368.0,   2.922133499989286   ,   3.113764700014144
laberinto     , DFS      ,   37,    50,   50,       45,                450,        451,         0,      45,        45,              ,            279.0,   6.3846458999905735  ,   6.549909800000023
laberinto     , DFS      ,   38,    50,   50,       45,                380,        381,         1,      44,        45,            51,           2844.0,   1.7016099999891594  ,   1.8669649999937974
laberinto     , DFS      ,   39,    50,   50,       45,                390,        391,         0,      45,        45,              ,            760.0,   3.2129047000198625  ,   3.3795947000035085
laberinto     , DFS      ,   40,    50,   50,       45,                370,        371,         3,      42,        45,           354,           2596.0,   2.1384984999895096  ,   2.3052917000022717
laberinto     , DFS      ,   41,    50,   50,       45,                250,        251,         1,      44,        45,           224,           1141.0,   1.7436977000324987  ,   1.9093356999801472
laberinto     , DFS      ,   42,    50,   50,       45,                325,        326,         4,      41,        45,           284,           4137.0,   1.7384211999597028  ,   1.898264699964784
laberinto     , DFS      ,   43,    50,   50,       45,                305,        306,        13,      32,        45,           249,           2874.0,   0.9589628000394441  ,   1.1277966999914497
laberinto     , DFS      ,   44,    50,   50,       45,                410,        411,         0,      45,        45,              ,          11122.0,   1.4246053000097163  ,   1.5819905999815091
laberinto     , DFS      ,   45,    50,   50,       45,                225,        226,         3,      42,        45,            70,           1139.0,   1.1664332000073045  ,   1.329096400004346
laberinto     , DFS      ,   46,    50,   50,       45,                295,        296,         8,      37,        45,           265,           6000.0,   2.105291199986823   ,   2.2782831999938935
laberinto     , DFS      ,   47,    50,   50,       45,                330,        331,         0,      45,        45,              ,            826.0,   2.2979087000130676  ,   2.4600866999826394
laberinto     , DFS      ,   48,    50,   50,       45,                350,        351,         4,      41,        45,           312,          12147.0,   1.8481393000110984  ,   2.0114889999968
laberinto     , DFS      ,   49,    50,   50,       45,                395,        396,         1,      44,        45,           381,           4276.0,   2.738108499965165   ,   2.9097623000270687
laberinto     , DFS      ,   50,    50,   50,       45,                255,        256,         8,      37,        45,           225,           1998.0,   2.135110799979884   ,   2.298449800000526
laberinto     , DFS      ,   51,    50,   50,       45,                460,        461,         0,      45,        45,              ,           2373.0,   2.4754319999483414  ,   2.6450252000358887
laberinto     , DFS      ,   52,    50,   50,       45,                320,        321,         5,      40,        45,           298,           4109.0,   6.509135700005572   ,   6.680673099996056
laberinto     , DFS      ,   53,    50,   50,       45,                255,        256,         3,      42,        45,           211,           2263.0,   3.383083299966529   ,   3.540171000000555
laberinto     , DFS      ,   54,    50,   50,       45,                285,        286,         2,      43,        45,           267,           2129.0,   6.240097000030801   ,   6.402600299974438
laberinto     , DFS      ,   55,    50,   50,       45,                325,        326,         1,      44,        45,           291,           2337.0,   0.6174025000073016  ,   0.778905000013765
laberinto     , DFS      ,   56,    50,   50,       45,                295,        296,         9,      36,        45,           261,           2964.0,   1.5288425000035204  ,   1.7016769999754615
laberinto     , DFS      ,   57,    50,   50,       45,                360,        361,         8,      37,        45,           326,          12051.0,   1.2989753000438213  ,   1.4599916000152007
laberinto     , DFS      ,   58,    50,   50,       45,                320,        321,         3,      42,        45,           280,            783.0,   3.6582900000503287  ,   3.81367310002679
laberinto     , DFS      ,   59,    50,   50,       45,                350,        351,         0,      45,        45,              ,           6636.0,   2.522269300010521   ,   2.698672499973327
laberinto     , DFS      ,   60,    50,   50,       45,                405,        406,         6,      39,        45,           297,           1366.0,   1.5829351999564096  ,   1.7447663999628276
laberinto     , DFS      ,   61,    50,   50,       45,                385,        386,         0,      45,        45,              ,           1976.0,   2.5609858999960124  ,   2.725505600043107
laberinto     , DFS      ,   62,    50,   50,       45,                265,        266,         1,      44,        45,           253,           2559.0,   1.8964614999713376  ,   2.0557214999571443
laberinto     , DFS      ,   63,    50,   50,       45,                280,        281,         0,      45,        45,              ,           3045.0,   2.3451748000225052  ,   2.5113394999643788
laberinto     , DFS      ,   64,    50,   50,       45,                370,        371,         1,      44,        45,           340,           5691.0,   1.883043900015764   ,   2.0439923999947496
laberinto     , DFS      ,   65,    50,   50,       45,                340,        341,         0,      45,        45,              ,           2388.0,   2.470632500015199   ,   2.6407664999715053
laberinto     , DFS      ,   66,    50,   50,       45,                330,        331,         0,      45,        45,              ,           1619.0,   3.2152716999989934  ,   3.3790500000468455
laberinto     , DFS      ,   67,    50,   50,       45,                290,        291,         0,      45,        45,              ,           5278.0,   2.3795187000068836  ,   2.5398375999648124
laberinto     , DFS      ,   68,    50,   50,       45,                310,        311,         0,      45,        45,              ,           4713.0,   2.0241582000162452  ,   2.184415799973067
laberinto     , DFS      ,   69,    50,   50,       45,                410,        411,         0,      45,        45,              ,           2221.0,   2.783919400011655   ,   2.9447382999933325
laberinto     , DFS      ,   70,    50,   50,       45,                275,        276,         1,      44,        45,           257,           5975.0,   1.1954854999785312  ,   1.363699900044594
laberinto     , DFS      ,   71,    50,   50,       45,                445,        446,        11,      34,        45,           419,          10860.0,   3.571041500021238   ,   3.7255179999629036
laberinto     , DFS      ,   72,    50,   50,       45,                275,        276,        19,      26,        45,           215,           6519.0,   1.364436800009571   ,   1.5301309999777004
laberinto     , DFS      ,   73,    50,   50,       45,                485,        486,         0,      45,        45,              ,           5305.0,   2.6934594999765977  ,   2.863132599974051
laberinto     , DFS      ,   74,    50,   50,       45,                325,        326,        23,      22,        45,           301,           4033.0,   1.8927149000228383  ,   2.0523596999701113
laberinto     , DFS      ,   75,    50,   50,       45,                305,        306,         0,      45,        45,              ,            633.0,   1.8264000000199303  ,   1.9903290999936871
laberinto     , DFS      ,   76,    50,   50,       45,                510,        511,         1,      44,        45,           484,           8401.0,   1.240699800022412   ,   1.409802199981641
laberinto     , DFS      ,   77,    50,   50,       45,                340,        341,         0,      45,        45,              ,          10904.0,   4.448087799944915   ,   4.614858700020704
laberinto     , DFS      ,   78,    50,   50,       45,                265,        266,         5,      40,        45,           235,           3634.0,   2.227027299988549   ,   2.3889586000004783
laberinto     , DFS      ,   79,    50,   50,       45,                480,        481,        10,      35,        45,           458,          18384.0,   5.572605299996212   ,   5.730640199966729
laberinto     , DFS      ,   80,    50,   50,       45,                520,        521,         0,      45,        45,              ,           2900.0,   2.129066099994816   ,   2.2933962999959476
laberinto     , DFS      ,   81,    50,   50,       45,                615,        616,         2,      43,        45,           585,           6396.0,   3.8566467000055127  ,   4.025497999973595
laberinto     , DFS      ,   82,    50,   50,       45,                260,        261,         2,      43,        45,           252,           1770.0,   3.4209263999946415  ,   3.5802397999796085
laberinto     , DFS      ,   83,    50,   50,       45,                245,        246,         0,      45,        45,              ,           3356.0,   2.889546899998095   ,   3.0501016000052914
laberinto     , DFS      ,   84,    50,   50,       45,                350,        351,         6,      39,        45,           334,           6607.0,   2.142374299990479   ,   2.3231528000324033
laberinto     , DFS      ,   85,    50,   50,       45,                245,        246,         0,      45,        45,              ,           1978.0,   1.8948610999505036  ,   2.0575932000065222
laberinto     , DFS      ,   86,    50,   50,       45,                270,        271,         0,      45,        45,              ,           3944.0,   6.351479200005997   ,   6.518612599989865
laberinto     , DFS      ,   87,    50,   50,       45,                325,        326,         0,      45,        45,              ,           3327.0,   3.094467499991879   ,   3.25383940001484
laberinto     , DFS      ,   88,    50,   50,       45,                290,        291,         3,      42,        45,           272,           2688.0,   4.449594699952286   ,   4.620775900024455
laberinto     , DFS      ,   89,    50,   50,       45,                340,        341,         0,      45,        45,              ,           1105.0,   8.884072099986952   ,   9.048915199993644
laberinto     , DFS      ,   90,    50,   50,       45,                280,        281,         0,      45,        45,              ,           3956.0,   3.4244256999809295  ,   3.6013937999960035
laberinto     , DFS      ,   91,    50,   50,       45,                295,        296,         0,      45,        45,              ,           7063.0,   2.6272547999978997  ,   2.7857332000276074
laberinto     , DFS      ,   92,    50,   50,       45,                345,        346,         5,      40,        45,           279,           1684.0,   1.8010284999618307  ,   1.9613728999975137
laberinto     , DFS      ,   93,    50,   50,       45,                470,        471,         0,      45,        45,              ,           2740.0,   3.097718700009864   ,   3.260655799997039
laberinto     , DFS      ,   94,    50,   50,       45,                335,        336,         0,      45,        45,              ,            827.0,   3.193841500033159   ,   3.3572908000205643
laberinto     , DFS      ,   95,    50,   50,       45,                270,        271,         0,      45,        45,              ,           1550.0,   2.7846100999740884  ,   2.948672299971804
laberinto     , DFS      ,   96,    50,   50,       45,                245,        246,         0,      45,        45,              ,           5110.0,   2.1314785000286065  ,   2.2975556000019424
laberinto     , DFS      ,   97,    50,   50,       45,                415,        416,         0,      45,        45,              ,           6585.0,   4.893501600017771   ,   5.056822300015483
laberinto     , DFS      ,   98,    50,   50,       45,                350,        351,        10,      35,        45,           328,           3912.0,   2.768386100011412   ,   2.9407958000083454
laberinto     , DFS      ,   99,    50,   50,       45,                230,        231,         0,      45,        45,              ,           1051.0,   2.163752900029067   ,   2.333665899990592
laberinto     , DFS      ,  100,    50,   50,       45,                305,        306,         0,      45,        45,              ,           1428.0,   0.9840444999863394  ,   1.1454948000027798
laberinto     , DFS      ,  101,    50,   50,       45,                335,        336,         0,      45,        45,              ,            620.0,  10.607332399988081   ,  10.774789799994323
laberinto     , DFS      ,  102,    50,   50,       45,                355,        356,         7,      38,        45,           321,           1668.0,   1.9613410000456497  ,   2.120257999980822
laberinto     , DFS      ,  103,    50,   50,       45,                295,        296,         0,      45,        45,              ,           3328.0,   2.444020199996885   ,   2.6089014999452047
laberinto     , DFS      ,  104,    50,   50,       45,                305,        306,         0,      45,        45,              ,           2286.0,   1.6160493000061251  ,   1.7819187000277452
laberinto     , DFS      ,  105,    50,   50,       45,                380,        381,         0,      45,        45,              ,          12245.0,   2.384812399977818   ,   2.5498191999504343
laberinto     , DFS      ,  106,    50,   50,       45,                300,        301,         8,      37,        45,           268,           3660.0,   1.7694883000222035  ,   1.9344102999893948
laberinto     , DFS      ,  107,    50,   50,       45,                360,        361,         3,      42,        45,           338,            914.0,   2.8133662999607623  ,   2.9792739000404254
laberinto     , DFS      ,  108,    50,   50,       45,                435,        436,         5,      40,        45,           401,          10693.0,   3.3005885999882594  ,   3.463576700014528
laberinto     , DFS      ,  109,    50,   50,       45,                325,        326,         8,      37,        45,           307,           2034.0,   2.8072925999877043  ,   2.97321369999554
laberinto     , DFS      ,  110,    50,   50,       45,                400,        401,        12,      33,        45,           382,          19083.0,   1.5126073999563232  ,   1.6739773000008427
laberinto     , DFS      ,  111,    50,   50,       45,                330,        331,         4,      41,        45,           310,           1877.0,   2.3568436999921687  ,   2.5243759999866597
laberinto     , DFS      ,  112,    50,   50,       45,                460,        461,         0,      45,        45,              ,           6034.0,   3.050196399970446   ,   3.224139300000388
laberinto     , DFS      ,  113,    50,   50,       45,                410,        411,         0,      45,        45,              ,           4383.0,   4.278105699981097   ,   4.43581609998364
laberinto     , DFS      ,  114,    50,   50,       45,                355,        356,         1,      44,        45,           325,           4163.0,   2.1049999000388198  ,   2.27930870000273
laberinto     , DFS      ,  115,    50,   50,       45,                390,        391,         4,      41,        45,           364,           4878.0,   5.021253600018099   ,   5.18381950003095
laberinto     , DFS      ,  116,    50,   50,       45,                345,        346,         0,      45,        45,              ,           1404.0,   2.2039756000158377  ,   2.381573499995284
laberinto     , DFS      ,  117,    50,   50,       45,                360,        361,         7,      38,        45,           326,           3860.0,   5.211273699998856   ,   5.372885999968275
laberinto     , DFS      ,  118,    50,   50,       45,                320,        321,         0,      45,        45,              ,           3044.0,   1.763111200009007   ,   1.9243918000138365
laberinto     , DFS      ,  119,    50,   50,       45,                285,        286,         0,      45,        45,              ,            861.0,   7.048444100015331   ,   7.208417700021528
laberinto     , A*       ,    0,    50,   50,       45,                425,        426,        41,       4,        45,           153,           6779.0,   1.583362900011707   ,   1.740485499962233
laberinto     , A*       ,    1,    50,   50,       45,                330,        331,        31,      14,        45,           118,            895.0,   2.1691266000270844  ,   2.331725299998652
laberinto     , A*       ,    2,    50,   50,       45,                570,        571,        45,       0,        45,           133,           2290.0,   1.6406192999565974  ,   1.803273600002285
laberinto     , A*       ,    3,    50,   50,       45,                345,        346,        40,       5,        45,           107,           3843.0,   1.4304511999944225  ,   1.5941759999841452
laberinto     , A*       ,    4,    50,   50,       45,                300,        301,        44,       1,        45,            97,           1067.0,   0.4586398999672383  ,   0.6236067000427283
laberinto     , A*       ,    5,    50,   50,       45,                310,        311,        43,       2,        45,           107,           4865.0,   1.213610599981621   ,   1.389499099983368
laberinto     , A*       ,    6,    50,   50,       45,                290,        291,        45,       0,        45,            88,            870.0,   0.3333491999655962  ,   0.49284580000676215
laberinto     , A*       ,    7,    50,   50,       45,                270,        271,        44,       1,        45,            96,           1436.0,   0.47169360000407323 ,   0.6269363000174053
laberinto     , A*       ,    8,    50,   50,       45,                245,        246,        45,       0,        45,            77,            897.0,   0.3437868999899365  ,   0.5310116000473499
laberinto     , A*       ,    9,    50,   50,       45,                395,        396,        45,       0,        45,           115,           1554.0,   0.8354074000380933  ,   1.0012710000155494
laberinto     , A*       ,   10,    50,   50,       45,                260,        261,        44,       1,        45,            94,           2511.0,   0.5321863999706693  ,   0.6998290999908932
laberinto     , A*       ,   11,    50,   50,       45,                420,        421,        42,       3,        45,            93,           1142.0,   0.4440672999480739  ,   0.6049594000214711
laberinto     , A*       ,   12,    50,   50,       45,                525,        526,        45,       0,        45,           138,           4055.0,   1.7519606999703683  ,   1.9225222000386566
laberinto     , A*       ,   13,    50,   50,       45,                295,        296,        38,       7,        45,           133,           1160.0,   0.9701156999799423  ,   1.1305594999575987
laberinto     , A*       ,   14,    50,   50,       45,                300,        301,        45,       0,        45,            84,           2347.0,   0.4218381000100635  ,   0.579675999993924
laberinto     , A*       ,   15,    50,   50,       45,                340,        341,        29,      16,        45,            88,           2014.0,   1.2625452000065707  ,   1.4270801999955438
laberinto     , A*       ,   16,    50,   50,       45,                380,        381,        44,       1,        45,            93,            975.0,   0.5962505000061356  ,   0.7569884000113234
laberinto     , A*       ,   17,    50,   50,       45,                325,        326,        45,       0,        45,            92,           1196.0,   0.7225623999838717  ,   0.8883760000462644
laberinto     , A*       ,   18,    50,   50,       45,                225,        226,        43,       2,        45,            79,           1170.0,   0.3330470999935642  ,   0.5032539000385441
laberinto     , A*       ,   19,    50,   50,       45,                370,        371,        44,       1,        45,           108,           2533.0,   0.8342984999762848  ,   0.9939184000249952
laberinto     , A*       ,   20,    50,   50,       45,                300,        301,        41,       4,        45,            95,           1771.0,   0.47827879997203127 ,   0.6434770000050776
laberinto     , A*       ,   21,    50,   50,       45,                560,        561,        45,       0,        45,           114,           4775.0,   1.3712350000278093  ,   1.5410557999857701
laberinto     , A*       ,   22,    50,   50,       45,                240,        241,        42,       3,        45,            90,           1985.0,   0.5906037999666296  ,   0.7513595999917015
laberinto     , A*       ,   23,    50,   50,       45,                405,        406,        32,      13,        45,           122,           1697.0,   2.8289340000483207  ,   2.9939423000323586
laberinto     , A*       ,   24,    50,   50,       45,                350,        351,        45,       0,        45,            98,           1335.0,   0.33864159998483956 ,   0.4934903999674134
laberinto     , A*       ,   25,    50,   50,       45,                365,        366,        45,       0,        45,           119,            590.0,   0.467897400027141   ,   0.6341092999791726
laberinto     , A*       ,   26,    50,   50,       45,                455,        456,        20,      25,        45,           125,           1282.0,   2.7674452000064775  ,   2.9303250000230037
laberinto     , A*       ,   27,    50,   50,       45,                435,        436,        45,       0,        45,            93,           1523.0,   0.5578307000105269  ,   0.7188560999929905
laberinto     , A*       ,   28,    50,   50,       45,                370,        371,        43,       2,        45,           106,           3885.0,   1.0197930000140332  ,   1.1717945999698713
laberinto     , A*       ,   29,    50,   50,       45,                275,        276,        45,       0,        45,           101,           1932.0,   0.6871340000070632  ,   0.8506140999961644
laberinto     , A*       ,   30,    50,   50,       45,                330,        331,        45,       0,        45,            80,           1925.0,   0.31021129997679964 ,   0.47374330001184717
laberinto     , A*       ,   31,    50,   50,       45,                550,        551,        45,       0,        45,           125,           2777.0,   1.6237237000023015  ,   1.7854281999752857
laberinto     , A*       ,   32,    50,   50,       45,                265,        266,        43,       2,        45,           147,           1272.0,   0.8524614999769256  ,   1.0182214000378735
laberinto     , A*       ,   33,    50,   50,       45,                280,        281,        45,       0,        45,            95,           1475.0,   0.5882141000474803  ,   0.7474802000215277
laberinto     , A*       ,   34,    50,   50,       45,                530,        531,        45,       0,        45,           127,           5132.0,   1.9617503000190482  ,   2.128598499984946
laberinto     , A*       ,   35,    50,   50,       45,                375,        376,        45,       0,        45,           115,           1304.0,   0.7896848000236787  ,   0.9501869999803603
laberinto     , A*       ,   36,    50,   50,       45,                275,        276,        45,       0,        45,            96,           1202.0,   0.7561888999771327  ,   0.9248702999902889
laberinto     , A*       ,   37,    50,   50,       45,                450,        451,        10,      35,        45,           114,           2574.0,   9.256947500049137   ,   9.42208779999055
laberinto     , A*       ,   38,    50,   50,       45,                380,        381,        45,       0,        45,            94,           3553.0,   0.4712532000266947  ,   0.6360323000117205
laberinto     , A*       ,   39,    50,   50,       45,                390,        391,        39,       6,        45,            97,           1302.0,   0.8081958999973722  ,   0.9698007000260986
laberinto     , A*       ,   40,    50,   50,       45,                370,        371,        45,       0,        45,            79,            713.0,   0.3136701000039466  ,   0.48104220000095665
laberinto     , A*       ,   41,    50,   50,       45,                250,        251,        45,       0,        45,            85,            985.0,   0.35885689995484427 ,   0.5217754000332206
laberinto     , A*       ,   42,    50,   50,       45,                325,        326,        45,       0,        45,            99,            908.0,   0.6430077999830246  ,   0.8022082999814302
laberinto     , A*       ,   43,    50,   50,       45,                305,        306,        45,       0,        45,            90,           1994.0,   0.5057913999771699  ,   0.6747696000384167
laberinto     , A*       ,   44,    50,   50,       45,                410,        411,        45,       0,        45,           107,           3098.0,   1.4452268999884836  ,   1.6050690000411123
laberinto     , A*       ,   45,    50,   50,       45,                225,        226,        45,       0,        45,            77,           1510.0,   0.35498160001588985 ,   0.5173056999919936
laberinto     , A*       ,   46,    50,   50,       45,                295,        296,        45,       0,        45,            99,           1540.0,   0.4896796000539325  ,   0.6578721000114456
laberinto     , A*       ,   47,    50,   50,       45,                330,        331,        45,       0,        45,            94,           2656.0,   0.4877866999595426  ,   0.6492699999944307
laberinto     , A*       ,   48,    50,   50,       45,                350,        351,        45,       0,        45,            85,           1634.0,   0.49884979997295886 ,   0.6654000999988057
laberinto     , A*       ,   49,    50,   50,       45,                395,        396,        44,       1,        45,            86,           1584.0,   0.44282479997491464 ,   0.612737100047525
laberinto     , A*       ,   50,    50,   50,       45,                255,        256,        44,       1,        45,            86,           1071.0,   0.5436894999584183  ,   0.7076075000222772
laberinto     , A*       ,   51,    50,   50,       45,                460,        461,        40,       5,        45,           106,           4277.0,   1.57895210001152    ,   1.7561404000152834
laberinto     , A*       ,   52,    50,   50,       45,                320,        321,        45,       0,        45,            98,           2560.0,   0.8909784000134096  ,   1.0556808999972418
laberinto     , A*       ,   53,    50,   50,       45,                255,        256,        44,       1,        45,           122,           1829.0,   0.7934720999910496  ,   0.9454237999743782
laberinto     , A*       ,   54,    50,   50,       45,                285,        286,        45,       0,        45,           124,           1284.0,   0.8239657999947667  ,   0.9847211000160314
laberinto     , A*       ,   55,    50,   50,       45,                325,        326,        45,       0,        45,            92,           2873.0,   0.6197537999833003  ,   0.7821918999543414
laberinto     , A*       ,   56,    50,   50,       45,                295,        296,        39,       6,        45,            78,           1080.0,   0.33349329995689914 ,   0.5003263000398874
laberinto     , A*       ,   57,    50,   50,       45,                360,        361,        45,       0,        45,            97,           2240.0,   0.5632580000092275  ,   0.7279474000097252
laberinto     , A*       ,   58,    50,   50,       45,                320,        321,        44,       1,        45,           118,           2562.0,   1.1358678999822587  ,   1.2911647000000812
laberinto     , A*       ,   59,    50,   50,       45,                350,        351,        44,       1,        45,           100,           2051.0,   0.4821611999650486  ,   0.6388090000255033
laberinto     , A*       ,   60,    50,   50,       45,                405,        406,        45,       0,        45,            99,           1728.0,   0.6260611999896355  ,   0.8009663999546319
laberinto     , A*       ,   61,    50,   50,       45,                385,        386,        44,       1,        45,           117,           3519.0,   1.33085209998535    ,   1.4936010999954306
laberinto     , A*       ,   62,    50,   50,       45,                265,        266,        45,       0,        45,            85,           1187.0,   0.37839939998229966 ,   0.5435865999897942
laberinto     , A*       ,   63,    50,   50,       45,                280,        281,        45,       0,        45,            92,            463.0,   0.5733262999565341  ,   0.7416949000325985
laberinto     , A*       ,   64,    50,   50,       45,                370,        371,        45,       0,        45,           106,           1672.0,   0.5737686999491416  ,   0.7333302000188269
laberinto     , A*       ,   65,    50,   50,       45,                340,        341,        43,       2,        45,            87,           1518.0,   0.4054183000116609  ,   0.6084170000394806
laberinto     , A*       ,   66,    50,   50,       45,                330,        331,        28,      17,        45,           118,           1574.0,   1.444405000016559   ,   1.6085764999734238
laberinto     , A*       ,   67,    50,   50,       45,                290,        291,        43,       2,        45,            94,           2878.0,   0.5356309000053443  ,   0.7041595000191592
laberinto     , A*       ,   68,    50,   50,       45,                310,        311,        44,       1,        45,            80,            960.0,   0.3409830000018701  ,   0.5007898000185378
laberinto     , A*       ,   69,    50,   50,       45,                410,        411,        45,       0,        45,            98,           1753.0,   0.6103345000301488  ,   0.771457199996803
laberinto     , A*       ,   70,    50,   50,       45,                275,        276,        41,       4,        45,           107,           1234.0,   0.8602211999823339  ,   1.0293243000051007
laberinto     , A*       ,   71,    50,   50,       45,                445,        446,        45,       0,        45,           140,           1744.0,   0.756145799998194   ,   0.9100012999842875
laberinto     , A*       ,   72,    50,   50,       45,                275,        276,        45,       0,        45,            94,           2307.0,   0.6633418000419624  ,   0.8292718000011519
laberinto     , A*       ,   73,    50,   50,       45,                485,        486,        45,       0,        45,           115,           1911.0,   0.7615729999961331  ,   0.9301681000506505
laberinto     , A*       ,   74,    50,   50,       45,                325,        326,        45,       0,        45,            83,           1617.0,   0.4012537999660708  ,   0.5598843999905512
laberinto     , A*       ,   75,    50,   50,       45,                305,        306,        42,       3,        45,           109,           2311.0,   1.3500239999848418  ,   1.5103260000469163
laberinto     , A*       ,   76,    50,   50,       45,                510,        511,        45,       0,        45,           143,           2543.0,   2.7518303000251763  ,   2.9132868999731727
laberinto     , A*       ,   77,    50,   50,       45,                340,        341,        45,       0,        45,            75,           1877.0,   0.4938510999782011  ,   0.6627454000408761
laberinto     , A*       ,   78,    50,   50,       45,                265,        266,        45,       0,        45,            89,           1638.0,   0.3039522999897599  ,   0.46433210000395775
laberinto     , A*       ,   79,    50,   50,       45,                480,        481,        43,       2,        45,           108,           2903.0,   1.2968576000421308  ,   1.4542491000029258
laberinto     , A*       ,   80,    50,   50,       45,                520,        521,        45,       0,        45,           138,           8321.0,   1.905057800002396   ,   2.0712105999700725
laberinto     , A*       ,   81,    50,   50,       45,                615,        616,        43,       2,        45,           138,           1162.0,   1.656541100004688   ,   1.827263299957849
laberinto     , A*       ,   82,    50,   50,       45,                260,        261,        45,       0,        45,            89,           1109.0,   0.4854613000061363  ,   0.6449395999661647
laberinto     , A*       ,   83,    50,   50,       45,                245,        246,        42,       3,        45,            89,           2350.0,   0.6222041000146419  ,   0.7784525000024587
laberinto     , A*       ,   84,    50,   50,       45,                350,        351,        41,       4,        45,           106,           2068.0,   0.8725807000300847  ,   1.0306918999995105
laberinto     , A*       ,   85,    50,   50,       45,                245,        246,        45,       0,        45,            73,           1006.0,   0.44096259999787435 ,   0.6118528000079095
laberinto     , A*       ,   86,    50,   50,       45,                270,        271,        45,       0,        45,            87,           1023.0,   0.4796921999659389  ,   0.6468397999997251
laberinto     , A*       ,   87,    50,   50,       45,                325,        326,        44,       1,        45,            83,           2140.0,   0.4932465000310913  ,   0.6531348999706097
laberinto     , A*       ,   88,    50,   50,       45,                290,        291,        43,       2,        45,            85,           1194.0,   0.4968139000120573  ,   0.6668662000447512
laberinto     , A*       ,   89,    50,   50,       45,                340,        341,        16,      29,        45,           111,           5531.0,  12.773384500003885   ,  12.933534900017548
laberinto     , A*       ,   90,    50,   50,       45,                280,        281,        44,       1,        45,            77,           1310.0,   0.5189646999933757  ,   0.6913725999766029
laberinto     , A*       ,   91,    50,   50,       45,                295,        296,        43,       2,        45,            92,           1774.0,   0.6143411999801174  ,   0.7738231999683194
laberinto     , A*       ,   92,    50,   50,       45,                345,        346,        43,       2,        45,            93,           1912.0,   0.6149728000164032  ,   0.7753443999681622
laberinto     , A*       ,   93,    50,   50,       45,                470,        471,        41,       4,        45,           166,           3682.0,   2.5723146999953315  ,   2.7534202999668196
laberinto     , A*       ,   94,    50,   50,       45,                335,        336,        45,       0,        45,           125,           3245.0,   2.013405799982138   ,   2.1771582999499515
laberinto     , A*       ,   95,    50,   50,       45,                270,        271,        45,       0,        45,            80,            722.0,   0.4122159999678843  ,   0.575028299994301
laberinto     , A*       ,   96,    50,   50,       45,                245,        246,        42,       3,        45,            91,           1411.0,   0.6075812000199221  ,   0.7702890000073239
laberinto     , A*       ,   97,    50,   50,       45,                415,        416,        45,       0,        45,           119,           7925.0,   1.3475387999787927  ,   1.520748899958562
laberinto     , A*       ,   98,    50,   50,       45,                350,        351,        44,       1,        45,            99,           2255.0,   0.8449941999861039  ,   1.0128151000244543
laberinto     , A*       ,   99,    50,   50,       45,                230,        231,        42,       3,        45,            69,            691.0,   0.2599940000218339  ,   0.4295665000099689
laberinto     , A*       ,  100,    50,   50,       45,                305,        306,        39,       6,        45,            97,            976.0,   0.6769022000371478  ,   0.8405610999907367
laberinto     , A*       ,  101,    50,   50,       45,                335,        336,         8,      37,        45,            78,           1655.0,  17.346324699989054   ,  17.511427299992647
laberinto     , A*       ,  102,    50,   50,       45,                355,        356,        45,       0,        45,            95,           1472.0,   0.46838079998269677 ,   0.6259070999803953
laberinto     , A*       ,  103,    50,   50,       45,                295,        296,        44,       1,        45,           124,           2199.0,   1.4682722000288777  ,   1.6351636999752373
laberinto     , A*       ,  104,    50,   50,       45,                305,        306,        45,       0,        45,            97,           2267.0,   0.7115202000131831  ,   0.8770889000152238
laberinto     , A*       ,  105,    50,   50,       45,                380,        381,        45,       0,        45,           137,           4068.0,   1.7058696000021882  ,   1.8732122999499552
laberinto     , A*       ,  106,    50,   50,       45,                300,        301,        42,       3,        45,            90,           1710.0,   0.5567969999974594  ,   0.7204724999610335
laberinto     , A*       ,  107,    50,   50,       45,                360,        361,        24,      21,        45,            89,           1031.0,   3.8567201000405475  ,   4.02105500001926
laberinto     , A*       ,  108,    50,   50,       45,                435,        436,        45,       0,        45,           106,           2324.0,   0.8995727000292391  ,   1.0649354999768548
laberinto     , A*       ,  109,    50,   50,       45,                325,        326,        45,       0,        45,            87,           1073.0,   0.5039336000336334  ,   0.6704434999846853
laberinto     , A*       ,  110,    50,   50,       45,                400,        401,        42,       3,        45,            95,            969.0,   0.4626719999941997  ,   0.6249737999751233
laberinto     , A*       ,  111,    50,   50,       45,                330,        331,        43,       2,        45,            94,            624.0,   0.4860466999816708  ,   0.6511678000097163
laberinto     , A*       ,  112,    50,   50,       45,                460,        461,        45,       0,        45,           118,           4173.0,   1.805432400025893   ,   1.972192500019446
laberinto     , A*       ,  113,    50,   50,       45,                410,        411,        33,      12,        45,           101,           2734.0,   0.9899462999892421  ,   1.1475633999798447
laberinto     , A*       ,  114,    50,   50,       45,                355,        356,        43,       2,        45,           113,            853.0,   0.6997332000173628  ,   0.8699536999920383
laberinto     , A*       ,  115,    50,   50,       45,                390,        391,        44,       1,        45,           112,           3332.0,   0.5673291999846697  ,   0.730145400040783
laberinto     , A*       ,  116,    50,   50,       45,                345,        346,        45,       0,        45,            93,           1801.0,   0.715429799980484   ,   0.8824912999989465
laberinto     , A*       ,  117,    50,   50,       45,                360,        361,        45,       0,        45,            82,           1726.0,   0.561802499985788   ,   0.7240107000106946
laberinto     , A*       ,  118,    50,   50,       45,                320,        321,        45,       0,        45,            97,            793.0,   0.4986763999913819  ,   0.6596393000218086
laberinto     , A*       ,  119,    50,   50,       45,                285,        286,        30,      15,        45,           107,           3383.0,   2.5366321999463253  ,   2.6960637000156567
laberinto     , Greedy   ,    0,    50,   50,       45,                425,        426,        29,      16,        45,           155,           2045.0,   0.5154233999783173  ,   0.6939031999791041
laberinto     , Greedy   ,    1,    50,   50,       45,                330,        331,        32,      13,        45,           126,            182.0,   0.6811080999905244  ,   0.8429520999779925
laberinto     , Greedy   ,    2,    50,   50,       45,                570,        571,        42,       3,        45,           156,            606.0,   0.7455755000119098  ,   0.9095727999811061
laberinto     , Greedy   ,    3,    50,   50,       45,                345,        346,        40,       5,        45,           103,           1775.0,   0.3725554999546148  ,   0.5438435000251047
laberinto     , Greedy   ,    4,    50,   50,       45,                300,        301,        43,       2,        45,           142,            450.0,   0.14447599998675287 ,   0.30871299997670576
laberinto     , Greedy   ,    5,    50,   50,       45,                310,        311,        43,       2,        45,           183,            913.0,   1.0184950000257231  ,   1.194739699945785
laberinto     , Greedy   ,    6,    50,   50,       45,                290,        291,        45,       0,        45,            82,            579.0,   0.0719315999886021  ,   0.2349005999858491
laberinto     , Greedy   ,    7,    50,   50,       45,                270,        271,        43,       2,        45,            92,            493.0,   0.08061040000757203 ,   0.23690189997432753
laberinto     , Greedy   ,    8,    50,   50,       45,                245,        246,        45,       0,        45,            83,            601.0,   0.06579890003195032 ,   0.23214949999237433
laberinto     , Greedy   ,    9,    50,   50,       45,                395,        396,        45,       0,        45,           127,            739.0,   0.17575410002609715 ,   0.34038750000763685
laberinto     , Greedy   ,   10,    50,   50,       45,                260,        261,        44,       1,        45,            92,           1474.0,   0.07060989999445155 ,   0.23953070002608
laberinto     , Greedy   ,   11,    50,   50,       45,                420,        421,        42,       3,        45,            95,            526.0,   0.07992600003490224 ,   0.24050109996460378
laberinto     , Greedy   ,   12,    50,   50,       45,                525,        526,        45,       0,        45,           130,           1051.0,   0.47408290003659204 ,   0.6359849000000395
laberinto     , Greedy   ,   13,    50,   50,       45,                295,        296,        33,      12,        45,           133,            542.0,   0.27029590000165626 ,   0.4313524999888614
laberinto     , Greedy   ,   14,    50,   50,       45,                300,        301,        45,       0,        45,           104,           1180.0,   0.1319995999801904  ,   0.28867300000274554
laberinto     , Greedy   ,   15,    50,   50,       45,                340,        341,        29,      16,        45,            80,            602.0,   0.7121698000119068  ,   0.8777696999604814
laberinto     , Greedy   ,   16,    50,   50,       45,                380,        381,        44,       1,        45,           102,            975.0,   0.18049100000644103 ,   0.34387519996380433
laberinto     , Greedy   ,   17,    50,   50,       45,                325,        326,        43,       2,        45,           100,           1249.0,   0.23765520000597462 ,   0.4058791999705136
laberinto     , Greedy   ,   18,    50,   50,       45,                225,        226,        41,       4,        45,            75,            568.0,   0.06590889999642968 ,   0.23220019997097552
laberinto     , Greedy   ,   19,    50,   50,       45,                370,        371,        44,       1,        45,           126,           1478.0,   0.2077300000237301  ,   0.3662527999840677
laberinto     , Greedy   ,   20,    50,   50,       45,                300,        301,        40,       5,        45,            87,            927.0,   0.08240799995837733 ,   0.24655979999806732
laberinto     , Greedy   ,   21,    50,   50,       45,                560,        561,        45,       0,        45,           136,           1540.0,   0.3114546000142582  ,   0.4738327999948524
laberinto     , Greedy   ,   22,    50,   50,       45,                240,        241,        44,       1,        45,            92,           1134.0,   0.10942510003224015 ,   0.2711713000317104
laberinto     , Greedy   ,   23,    50,   50,       45,                405,        406,        33,      12,        45,           122,            859.0,   1.300232000008691   ,   1.4741965999710374
laberinto     , Greedy   ,   24,    50,   50,       45,                350,        351,        45,       0,        45,            92,            936.0,   0.08187449997058138 ,   0.23923470004228875
laberinto     , Greedy   ,   25,    50,   50,       45,                365,        366,        44,       1,        45,           125,            253.0,   0.08823649998521432 ,   0.2566847000271082
laberinto     , Greedy   ,   26,    50,   50,       45,                455,        456,        10,      35,        45,           100,           1677.0,   3.5101736999931745  ,   3.6634858999750577
laberinto     , Greedy   ,   27,    50,   50,       45,                435,        436,        45,       0,        45,           109,           1054.0,   0.13488079997478053 ,   0.29624659998808056
laberinto     , Greedy   ,   28,    50,   50,       45,                370,        371,        39,       6,        45,           126,           1174.0,   0.3187618000083603  ,   0.47546039998997003
laberinto     , Greedy   ,   29,    50,   50,       45,                275,        276,        43,       2,        45,           120,            763.0,   0.14960469998186454 ,   0.32063029997516423
laberinto     , Greedy   ,   30,    50,   50,       45,                330,        331,        45,       0,        45,            76,           1112.0,   0.06342110002879053 ,   0.2510821999749169
laberinto     , Greedy   ,   31,    50,   50,       45,                550,        551,        42,       3,        45,           172,            807.0,   0.6534461999544874  ,   0.815824999997858
laberinto     , Greedy   ,   32,    50,   50,       45,                265,        266,        37,       8,        45,           181,            811.0,   0.2260731999995187  ,   0.3880487999995239
laberinto     , Greedy   ,   33,    50,   50,       45,                280,        281,        42,       3,        45,           102,           1094.0,   0.13529280002694577 ,   0.29483369999798015
laberinto     , Greedy   ,   34,    50,   50,       45,                530,        531,        45,       0,        45,           129,           4329.0,   0.6381874000071548  ,   0.8046692999778315
laberinto     , Greedy   ,   35,    50,   50,       45,                375,        376,        44,       1,        45,           130,            975.0,   0.26220460003241897 ,   0.43013980000978336
laberinto     , Greedy   ,   36,    50,   50,       45,                275,        276,        45,       0,        45,           103,            485.0,   0.20044609997421503 ,   0.3702330999658443
laberinto     , Greedy   ,   37,    50,   50,       45,                450,        451,        12,      33,        45,           159,           1597.0,   6.430118500022218   ,   6.596528699970804
laberinto     , Greedy   ,   38,    50,   50,       45,                380,        381,        45,       0,        45,           104,           1252.0,   0.11815789999673143 ,   0.28223830001661554
laberinto     , Greedy   ,   39,    50,   50,       45,                390,        391,        37,       8,        45,           123,            658.0,   0.3030997999594547  ,   0.46496390004176646
laberinto     , Greedy   ,   40,    50,   50,       45,                370,        371,        45,       0,        45,            72,            348.0,   0.056484100001398474,   0.22576260002097115
laberinto     , Greedy   ,   41,    50,   50,       45,                250,        251,        45,       0,        45,            88,            337.0,   0.08002569997915998 ,   0.24592019995907322
laberinto     , Greedy   ,   42,    50,   50,       45,                325,        326,        45,       0,        45,           119,            441.0,   0.15803900000173599 ,   0.31853420002153143
laberinto     , Greedy   ,   43,    50,   50,       45,                305,        306,        45,       0,        45,            98,            626.0,   0.08472610003082082 ,   0.25508009997429326
laberinto     , Greedy   ,   44,    50,   50,       45,                410,        411,        45,       0,        45,           197,           1262.0,   0.5022217000368983  ,   0.6603264999575913
laberinto     , Greedy   ,   45,    50,   50,       45,                225,        226,        45,       0,        45,            79,           1140.0,   0.07160750002367422 ,   0.23698539996985346
laberinto     , Greedy   ,   46,    50,   50,       45,                295,        296,        45,       0,        45,           105,            575.0,   0.10453640000196174 ,   0.2757141999900341
laberinto     , Greedy   ,   47,    50,   50,       45,                330,        331,        45,       0,        45,           101,            908.0,   0.1837453999905847  ,   0.3539652000181377
laberinto     , Greedy   ,   48,    50,   50,       45,                350,        351,        43,       2,        45,            81,           1111.0,   0.07636659999843687 ,   0.24059800000395626
laberinto     , Greedy   ,   49,    50,   50,       45,                395,        396,        44,       1,        45,            84,           1053.0,   0.07459600002039224 ,   0.2459985999739729
laberinto     , Greedy   ,   50,    50,   50,       45,                255,        256,        45,       0,        45,            96,            694.0,   0.078708800021559   ,   0.24432379996869713
laberinto     , Greedy   ,   51,    50,   50,       45,                460,        461,        40,       5,        45,           106,           2423.0,   0.2808484000270255  ,   0.4497051000362262
laberinto     , Greedy   ,   52,    50,   50,       45,                320,        321,        43,       2,        45,           134,            817.0,   0.1978798999916762  ,   0.3623871000017971
laberinto     , Greedy   ,   53,    50,   50,       45,                255,        256,        43,       2,        45,           115,            793.0,   0.24407060001976788 ,   0.4008231000043452
laberinto     , Greedy   ,   54,    50,   50,       45,                285,        286,        45,       0,        45,           129,           1117.0,   0.3393660999718122  ,   0.4994592000148259
laberinto     , Greedy   ,   55,    50,   50,       45,                325,        326,        45,       0,        45,           109,           1108.0,   0.31214320001890883 ,   0.4727656000177376
laberinto     , Greedy   ,   56,    50,   50,       45,                295,        296,        35,      10,        45,            73,           1134.0,   0.1984449999872595  ,   0.3636619999888353
laberinto     , Greedy   ,   57,    50,   50,       45,                360,        361,        45,       0,        45,            95,           1352.0,   0.13738079997710884 ,   0.2957410999806598
laberinto     , Greedy   ,   58,    50,   50,       45,                320,        321,        37,       8,        45,           136,           1303.0,   0.7247990999603644  ,   0.8824901999905705
laberinto     , Greedy   ,   59,    50,   50,       45,                350,        351,        41,       4,        45,           100,            877.0,   0.09262370003852993 ,   0.24865959997987375
laberinto     , Greedy   ,   60,    50,   50,       45,                405,        406,        44,       1,        45,            93,           1846.0,   0.09572520002257079 ,   0.25849079998442903
laberinto     , Greedy   ,   61,    50,   50,       45,                385,        386,        43,       2,        45,           109,           1522.0,   0.25312960002338514 ,   0.43957699998281896
laberinto     , Greedy   ,   62,    50,   50,       45,                265,        266,        45,       0,        45,           101,            379.0,   0.07011749997036532 ,   0.230143400025554
laberinto     , Greedy   ,   63,    50,   50,       45,                280,        281,        45,       0,        45,            98,            456.0,   0.10900519997812808 ,   0.2754583999630995
laberinto     , Greedy   ,   64,    50,   50,       45,                370,        371,        43,       2,        45,           126,           1252.0,   0.18943129997933283 ,   0.3565619000000879
laberinto     , Greedy   ,   65,    50,   50,       45,                340,        341,        43,       2,        45,           120,            724.0,   0.11985970003297552 ,   0.29081410000799224
laberinto     , Greedy   ,   66,    50,   50,       45,                330,        331,        13,      32,        45,           116,            474.0,   0.3864410999813117  ,   0.5484358000103384
laberinto     , Greedy   ,   67,    50,   50,       45,                290,        291,        43,       2,        45,            96,           2203.0,   0.11312410002574325 ,   0.27471649996005
laberinto     , Greedy   ,   68,    50,   50,       45,                310,        311,        44,       1,        45,            82,            689.0,   0.06556919997092336 ,   0.22549909999361262
laberinto     , Greedy   ,   69,    50,   50,       45,                410,        411,        45,       0,        45,            94,           1570.0,   0.11911719996714965 ,   0.2787038999958895
laberinto     , Greedy   ,   70,    50,   50,       45,                275,        276,        39,       6,        45,           119,            552.0,   0.19067350000841543 ,   0.35691639996366575
laberinto     , Greedy   ,   71,    50,   50,       45,                445,        446,        44,       1,        45,           102,            979.0,   0.12582979997387156 ,   0.28426619997480884
laberinto     , Greedy   ,   72,    50,   50,       45,                275,        276,        45,       0,        45,           132,           1505.0,   0.1383983000414446  ,   0.30577789997914806
laberinto     , Greedy   ,   73,    50,   50,       45,                485,        486,        45,       0,        45,           107,            809.0,   0.11639600002672523 ,   0.2863977999659255
laberinto     , Greedy   ,   74,    50,   50,       45,                325,        326,        45,       0,        45,            87,           1076.0,   0.07889679999789223 ,   0.23779700003797188
laberinto     , Greedy   ,   75,    50,   50,       45,                305,        306,        43,       2,        45,           123,           2556.0,   0.3864845000207424  ,   0.5444561000331305
laberinto     , Greedy   ,   76,    50,   50,       45,                510,        511,        45,       0,        45,           143,           1817.0,   0.6858242000453174  ,   0.8472385000204667
laberinto     , Greedy   ,   77,    50,   50,       45,                340,        341,        45,       0,        45,           104,           1336.0,   0.19528370001353323 ,   0.36344180000014603
laberinto     , Greedy   ,   78,    50,   50,       45,                265,        266,        45,       0,        45,            79,            798.0,   0.059438299969770014,   0.22205600002780557
laberinto     , Greedy   ,   79,    50,   50,       45,                480,        481,        41,       4,        45,           158,            605.0,   0.4471748000360094  ,   0.6029344000271522
laberinto     , Greedy   ,   80,    50,   50,       45,                520,        521,        45,       0,        45,           128,           3126.0,   0.620477500022389   ,   0.7846133999992162
laberinto     , Greedy   ,   81,    50,   50,       45,                615,        616,        43,       2,        45,           148,           1094.0,   0.5379238000023179  ,   0.7043119000154547
laberinto     , Greedy   ,   82,    50,   50,       45,                260,        261,        45,       0,        45,            97,            571.0,   0.08984989998862147 ,   0.25174679997144267
laberinto     , Greedy   ,   83,    50,   50,       45,                245,        246,        42,       3,        45,            89,            893.0,   0.11577040003612638 ,   0.27290569996694103
laberinto     , Greedy   ,   84,    50,   50,       45,                350,        351,        41,       4,        45,           106,           1201.0,   0.1971866000094451  ,   0.3532637000316754
laberinto     , Greedy   ,   85,    50,   50,       45,                245,        246,        45,       0,        45,            75,            789.0,   0.05574049998540431 ,   0.21695119998184964
laberinto     , Greedy   ,   86,    50,   50,       45,                270,        271,        44,       1,        45,            95,            864.0,   0.14602470002137125 ,   0.3135506000253372
laberinto     , Greedy   ,   87,    50,   50,       45,                325,        326,        44,       1,        45,           106,           1092.0,   0.28157330001704395 ,   0.441199199995026
laberinto     , Greedy   ,   88,    50,   50,       45,                290,        291,        42,       3,        45,           106,            772.0,   0.08322809997480363 ,   0.25066949997562915
laberinto     , Greedy   ,   89,    50,   50,       45,                340,        341,        22,      23,        45,           110,           1809.0,   2.954672199964989   ,   3.115712300001178
laberinto     , Greedy   ,   90,    50,   50,       45,                280,        281,        44,       1,        45,            82,            587.0,   0.08762040000874549 ,   0.26235899998573586
laberinto     , Greedy   ,   91,    50,   50,       45,                295,        296,        42,       3,        45,            94,            860.0,   0.11644110002089292 ,   0.2819704999565147
laberinto     , Greedy   ,   92,    50,   50,       45,                345,        346,        43,       2,        45,           145,           1268.0,   0.13847029994940385 ,   0.32191850000526756
laberinto     , Greedy   ,   93,    50,   50,       45,                470,        471,        35,      10,        45,           168,           1487.0,   0.6738843999919482  ,   0.8342995999846607
laberinto     , Greedy   ,   94,    50,   50,       45,                335,        336,        45,       0,        45,           149,           1886.0,   0.6765611000009812  ,   0.8421835000044666
laberinto     , Greedy   ,   95,    50,   50,       45,                270,        271,        45,       0,        45,            94,            345.0,   0.09786899999016896 ,   0.27187769999727607
laberinto     , Greedy   ,   96,    50,   50,       45,                245,        246,        41,       4,        45,           143,            896.0,   0.2105165999964811  ,   0.37565110001014546
laberinto     , Greedy   ,   97,    50,   50,       45,                415,        416,        45,       0,        45,           135,           2509.0,   0.6950692000100389  ,   0.8593370000016876
laberinto     , Greedy   ,   98,    50,   50,       45,                350,        351,        44,       1,        45,           121,           1248.0,   0.16488050000043586 ,   0.33460100000957027
laberinto     , Greedy   ,   99,    50,   50,       45,                230,        231,        42,       3,        45,            93,            308.0,   0.07423249998828396 ,   0.24234590004198253
laberinto     , Greedy   ,  100,    50,   50,       45,                305,        306,        38,       7,        45,           111,            719.0,   0.10269949998473749 ,   0.27381689997855574
laberinto     , Greedy   ,  101,    50,   50,       45,                335,        336,         8,      37,        45,            78,           2099.0,  11.594453600002453   ,  11.761726800003089
laberinto     , Greedy   ,  102,    50,   50,       45,                355,        356,        45,       0,        45,            93,            992.0,   0.08982220001053065 ,   0.2469365000142716
laberinto     , Greedy   ,  103,    50,   50,       45,                295,        296,        43,       2,        45,           122,            796.0,   0.3388066000188701  ,   0.5064014999661595
laberinto     , Greedy   ,  104,    50,   50,       45,                305,        306,        45,       0,        45,            92,            602.0,   0.09290849999524653 ,   0.25950560002820566
laberinto     , Greedy   ,  105,    50,   50,       45,                380,        381,        45,       0,        45,           137,           1567.0,   0.44285320001654327 ,   0.612463099998422
laberinto     , Greedy   ,  106,    50,   50,       45,                300,        301,        43,       2,        45,            99,            628.0,   0.09290180000243708 ,   0.2575465000118129
laberinto     , Greedy   ,  107,    50,   50,       45,                360,        361,        25,      20,        45,            85,            754.0,   2.173801700002514   ,   2.3389220999670215
laberinto     , Greedy   ,  108,    50,   50,       45,                435,        436,        45,       0,        45,           102,           1534.0,   0.17718239995883778 ,   0.34177890000864863
laberinto     , Greedy   ,  109,    50,   50,       45,                325,        326,        45,       0,        45,           100,            710.0,   0.10226000001421198 ,   0.27027599996654317
laberinto     , Greedy   ,  110,    50,   50,       45,                400,        401,        40,       5,        45,           136,            243.0,   0.13141789997462183 ,   0.2917314000078477
laberinto     , Greedy   ,  111,    50,   50,       45,                330,        331,        44,       1,        45,            89,            440.0,   0.08373770001344383 ,   0.2508703000494279
laberinto     , Greedy   ,  112,    50,   50,       45,                460,        461,        45,       0,        45,           133,           1813.0,   0.7323695999803022  ,   0.9085689000203274
laberinto     , Greedy   ,  113,    50,   50,       45,                410,        411,        26,      19,        45,           130,           1008.0,   0.3918516000267118  ,   0.5487667000270449
laberinto     , Greedy   ,  114,    50,   50,       45,                355,        356,        45,       0,        45,           105,           1407.0,   0.13981429999694228 ,   0.31133360002422705
laberinto     , Greedy   ,  115,    50,   50,       45,                390,        391,        41,       4,        45,           142,            750.0,   0.2647702999529429  ,   0.42849479999858886
laberinto     , Greedy   ,  116,    50,   50,       45,                345,        346,        44,       1,        45,           103,            434.0,   0.14561379997758195 ,   0.3179398000356741
laberinto     , Greedy   ,  117,    50,   50,       45,                360,        361,        44,       1,        45,            97,           1112.0,   0.08479199995053932 ,   0.24703470000531524
laberinto     , Greedy   ,  118,    50,   50,       45,                320,        321,        45,       0,        45,            85,            445.0,   0.08331490005366504 ,   0.2488835999974981
laberinto     , Greedy   ,  119,    50,   50,       45,                285,        286,        32,      13,        45,           115,           1019.0,   0.8023492000065744  ,   0.9643915999913588
laberinto     , Genetico ,    0,    50,   50,       45,                425,        426,        11,      34,        45,           368,            478.0,  79.00346119998721    ,  79.16387450002367
laberinto     , Genetico ,    1,    50,   50,       45,                330,        331,        19,      26,        45,           280,             54.0,  73.60570200002985    ,  73.77268409996759
laberinto     , Genetico ,    2,    50,   50,       45,                570,        571,        21,      24,        45,           554,           1031.0, 136.68668049998814    , 136.86663319997024
laberinto     , Genetico ,    3,    50,   50,       45,                345,        346,        10,      35,        45,           317,           1244.0,  77.41629449999891    ,  77.58494369999971
laberinto     , Genetico ,    4,    50,   50,       45,                300,        301,        35,      10,        45,           265,            168.0,  87.33919299999252    ,  87.50265320000472
laberinto     , Genetico ,    5,    50,   50,       45,                310,        311,        28,      17,        45,           284,            914.0,  73.48463190003531    ,  73.66487580002286
laberinto     , Genetico ,    6,    50,   50,       45,                290,        291,        45,       0,        45,           242,             31.0,  79.96360309998272    ,  80.12638780003181
laberinto     , Genetico ,    7,    50,   50,       45,                270,        271,        37,       8,        45,           257,            127.0,  76.1300730999792     ,  76.287375600019
laberinto     , Genetico ,    8,    50,   50,       45,                245,        246,        43,       2,        45,           224,             31.0,  70.64633540000068    ,  70.81181139999535
laberinto     , Genetico ,    9,    50,   50,       45,                395,        396,        38,       7,        45,           380,            115.0,  99.41298869997263    ,  99.57987660000799
laberinto     , Genetico ,   10,    50,   50,       45,                260,        261,        41,       4,        45,           215,             45.0,  66.7520336000016     ,  66.91695009998512
laberinto     , Genetico ,   11,    50,   50,       45,                420,        421,        41,       4,        45,           388,             80.0, 117.85210050002206    , 118.01886849995935
laberinto     , Genetico ,   12,    50,   50,       45,                525,        526,        32,      13,        45,           493,           1148.0, 127.98963650001679    , 128.15464520000387
laberinto     , Genetico ,   13,    50,   50,       45,                295,        296,        27,      18,        45,           243,            159.0,  74.50846640003147    ,  74.67488770000637
laberinto     , Genetico ,   14,    50,   50,       45,                300,        301,        41,       4,        45,           292,             70.0,  87.95656590000726    ,  88.11471310001798
laberinto     , Genetico ,   15,    50,   50,       45,                340,        341,        28,      17,        45,           296,            112.0,  74.90659869997762    ,  75.07182770001236
laberinto     , Genetico ,   16,    50,   50,       45,                380,        381,        39,       6,        45,           367,            347.0, 103.10849480004981    , 103.27099669998279
laberinto     , Genetico ,   17,    50,   50,       45,                325,        326,        43,       2,        45,           301,            334.0,  87.07169729995076    ,  87.23791039997013
laberinto     , Genetico ,   18,    50,   50,       45,                225,        226,        41,       4,        45,           212,             57.0,  64.25114210002357    ,  64.41802250000183
laberinto     , Genetico ,   19,    50,   50,       45,                370,        371,        29,      16,        45,           363,            454.0, 105.02860760001931    , 105.18974409997463
laberinto     , Genetico ,   20,    50,   50,       45,                300,        301,        37,       8,        45,           263,            210.0,  77.46246379998047    ,  77.62798500002827
laberinto     , Genetico ,   21,    50,   50,       45,                560,        561,        35,      10,        45,           543,           1231.0, 153.15904769999906    , 153.33126579999225
laberinto     , Genetico ,   22,    50,   50,       45,                240,        241,        32,      13,        45,           233,            181.0,  71.20732839999255    ,  71.36770330002764
laberinto     , Genetico ,   23,    50,   50,       45,                405,        406,        18,      27,        45,           334,            221.0,  82.55677860003198    ,  82.72334560001036
laberinto     , Genetico ,   24,    50,   50,       45,                350,        351,        38,       7,        45,           329,            187.0,  95.03524029999971    ,  95.19415370002389
laberinto     , Genetico ,   25,    50,   50,       45,                365,        366,        41,       4,        45,           339,             28.0, 101.55199599999469    , 101.71915320004337
laberinto     , Genetico ,   26,    50,   50,       45,                455,        456,        10,      35,        45,           358,            140.0,  78.584356700012      ,  78.73953419999452
laberinto     , Genetico ,   27,    50,   50,       45,                435,        436,        44,       1,        45,           407,             58.0, 121.69376209995244    , 121.85865549999289
laberinto     , Genetico ,   28,    50,   50,       45,                370,        371,        23,      22,        45,           351,            663.0, 102.29736890003551    , 102.4548450000002
laberinto     , Genetico ,   29,    50,   50,       45,                275,        276,        39,       6,        45,           253,            320.0,  73.41696209996007    ,  73.58347739995224
laberinto     , Genetico ,   30,    50,   50,       45,                330,        331,        45,       0,        45,           275,              4.0,  92.05653360002907    ,  92.22130719997222
laberinto     , Genetico ,   31,    50,   50,       45,                550,        551,        22,      23,        45,           527,           1440.0, 137.45396720001008    , 137.61882329999935
laberinto     , Genetico ,   32,    50,   50,       45,                265,        266,        30,      15,        45,           232,            102.0,  74.1425463000196     ,  74.30929549998837
laberinto     , Genetico ,   33,    50,   50,       45,                280,        281,        32,      13,        45,           240,             71.0,  69.4830251999665     ,  69.64548890001606
laberinto     , Genetico ,   34,    50,   50,       45,                530,        531,        30,      15,        45,           510,           1625.0, 135.59077380003873    , 135.76112849998754
laberinto     , Genetico ,   35,    50,   50,       45,                375,        376,        36,       9,        45,           336,            367.0,  98.15750500001013    ,  98.32622059999267
laberinto     , Genetico ,   36,    50,   50,       45,                275,        276,        30,      15,        45,           262,            101.0,  72.16517339996062    ,  72.33390660001896
laberinto     , Genetico ,   37,    50,   50,       45,                450,        451,         0,      45,        45,              ,             33.0,  75.04464279999956    ,  75.21294789999956
laberinto     , Genetico ,   38,    50,   50,       45,                380,        381,        40,       5,        45,           344,            339.0, 104.03500679996796    , 104.20225209998898
laberinto     , Genetico ,   39,    50,   50,       45,                390,        391,        24,      21,        45,           370,            634.0,  96.12672499998007    ,  96.29013660002965
laberinto     , Genetico ,   40,    50,   50,       45,                370,        371,        45,       0,        45,           251,             38.0,  99.42209649999859    ,  99.58991119998973
laberinto     , Genetico ,   41,    50,   50,       45,                250,        251,        38,       7,        45,           214,             41.0,  67.46520019997843    ,  67.6277900999994
laberinto     , Genetico ,   42,    50,   50,       45,                325,        326,        43,       2,        45,           292,            412.0,  89.5532706999802     ,  89.71288940001978
laberinto     , Genetico ,   43,    50,   50,       45,                305,        306,        43,       2,        45,           253,            117.0,  79.8837028000271     ,  80.05666820000624
laberinto     , Genetico ,   44,    50,   50,       45,                410,        411,        23,      22,        45,           375,           1172.0, 103.91024170001037    , 104.07306530000642
laberinto     , Genetico ,   45,    50,   50,       45,                225,        226,        42,       3,        45,           185,             70.0,  61.829951699997764   ,  61.99179419997381
laberinto     , Genetico ,   46,    50,   50,       45,                295,        296,        45,       0,        45,           263,             26.0,  85.38667300000088    ,  85.55594280001242
laberinto     , Genetico ,   47,    50,   50,       45,                330,        331,        42,       3,        45,           318,             64.0,  90.87191369995708    ,  91.03505309997126
laberinto     , Genetico ,   48,    50,   50,       45,                350,        351,        45,       0,        45,           330,             45.0,  96.61927199998172    ,  96.78391310002189
laberinto     , Genetico ,   49,    50,   50,       45,                395,        396,        44,       1,        45,           345,             44.0, 112.13515819999157    , 112.3148332000128
laberinto     , Genetico ,   50,    50,   50,       45,                255,        256,        33,      12,        45,           191,             73.0,  69.41395610000473    ,  69.58329999999842
laberinto     , Genetico ,   51,    50,   50,       45,                460,        461,        31,      14,        45,           432,            894.0, 107.90015020000283    , 108.07366880000336
laberinto     , Genetico ,   52,    50,   50,       45,                320,        321,        37,       8,        45,           301,            217.0,  90.61594499996863    ,  90.8003766000038
laberinto     , Genetico ,   53,    50,   50,       45,                255,        256,        26,      19,        45,           230,             79.0,  68.17587030003779    ,  68.33072069997434
laberinto     , Genetico ,   54,    50,   50,       45,                285,        286,        22,      23,        45,           261,             68.0,  79.44183790002717    ,  79.60922320000827
laberinto     , Genetico ,   55,    50,   50,       45,                325,        326,        45,       0,        45,           306,            162.0,  87.93328890000703    ,  88.09467550000409
laberinto     , Genetico ,   56,    50,   50,       45,                295,        296,        39,       6,        45,           245,             21.0,  75.35322839999571    ,  75.52149509999435
laberinto     , Genetico ,   57,    50,   50,       45,                360,        361,        44,       1,        45,           330,            157.0, 101.00718979997328    , 101.16877009999007
laberinto     , Genetico ,   58,    50,   50,       45,                320,        321,        20,      25,        45,           288,            179.0,  68.90907180000795    ,  69.07048970001051
laberinto     , Genetico ,   59,    50,   50,       45,                350,        351,        42,       3,        45,           315,             66.0,  98.52210469997954    ,  98.67835230001947
laberinto     , Genetico ,   60,    50,   50,       45,                405,        406,        41,       4,        45,           388,            208.0, 108.8565580000286     , 109.02459149999777
laberinto     , Genetico ,   61,    50,   50,       45,                385,        386,        40,       5,        45,           364,            991.0,  93.67019839998102    ,  93.87321990000783
laberinto     , Genetico ,   62,    50,   50,       45,                265,        266,        42,       3,        45,           243,             86.0,  79.9810844999738     ,  80.14249579998432
laberinto     , Genetico ,   63,    50,   50,       45,                280,        281,        39,       6,        45,           255,             77.0,  79.66333350003697    ,  79.82795679999981
laberinto     , Genetico ,   64,    50,   50,       45,                370,        371,        30,      15,        45,           337,            558.0,  93.59683080000104    ,  93.76025549997576
laberinto     , Genetico ,   65,    50,   50,       45,                340,        341,        43,       2,        45,           318,            121.0,  95.83000859996537    ,  96.00019750004867
laberinto     , Genetico ,   66,    50,   50,       45,                330,        331,        16,      29,        45,           274,            115.0,  67.81657379999524    ,  67.97766600002069
laberinto     , Genetico ,   67,    50,   50,       45,                290,        291,        43,       2,        45,           279,            208.0,  79.3789354999899     ,  79.5422896000091
laberinto     , Genetico ,   68,    50,   50,       45,                310,        311,        43,       2,        45,           273,             61.0,  84.25954419997288    ,  84.42133779998403
laberinto     , Genetico ,   69,    50,   50,       45,                410,        411,        45,       0,        45,           380,            200.0, 114.28886660002172    , 114.45493449998321
laberinto     , Genetico ,   70,    50,   50,       45,                275,        276,        27,      18,        45,           234,             58.0,  63.68369460001122    ,  63.85704189998796
laberinto     , Genetico ,   71,    50,   50,       45,                445,        446,        40,       5,        45,           429,            370.0, 122.89323099999456    , 123.04863440000918
laberinto     , Genetico ,   72,    50,   50,       45,                275,        276,        40,       5,        45,           244,             98.0,  75.05957699997816    ,  75.22881979995873
laberinto     , Genetico ,   73,    50,   50,       45,                485,        486,        45,       0,        45,           391,             72.0, 129.91058970004087    , 130.08264899998903
laberinto     , Genetico ,   74,    50,   50,       45,                325,        326,        45,       0,        45,           297,             45.0,  90.77808949997416    ,  90.94065159995807
laberinto     , Genetico ,   75,    50,   50,       45,                305,        306,         8,      37,        45,           299,           1267.0,  58.196892000036314   ,  58.36075069999788
laberinto     , Genetico ,   76,    50,   50,       45,                510,        511,        25,      20,        45,           490,           1366.0, 120.3745185000007     , 120.54279289999977
laberinto     , Genetico ,   77,    50,   50,       45,                340,        341,        45,       0,        45,           325,             63.0, 103.61531520000426    , 103.78285340004368
laberinto     , Genetico ,   78,    50,   50,       45,                265,        266,        45,       0,        45,           225,             26.0,  75.82517779996851    ,  75.98941009998089
laberinto     , Genetico ,   79,    50,   50,       45,                480,        481,        28,      17,        45,           454,            806.0, 134.3530127000413     , 134.53430619998835
laberinto     , Genetico ,   80,    50,   50,       45,                520,        521,        17,      28,        45,           509,           1395.0, 122.4259638999938     , 122.5935494999867
laberinto     , Genetico ,   81,    50,   50,       45,                615,        616,        29,      16,        45,           571,            489.0, 147.23863480001455    , 147.40979260002496
laberinto     , Genetico ,   82,    50,   50,       45,                260,        261,        38,       7,        45,           244,            199.0,  77.02779210003791    ,  77.18639009998878
laberinto     , Genetico ,   83,    50,   50,       45,                245,        246,        34,      11,        45,           234,            391.0,  70.79181719996268    ,  70.95022850000532
laberinto     , Genetico ,   84,    50,   50,       45,                350,        351,        42,       3,        45,           305,            272.0,  90.6312872999697     ,  90.81260679999832
laberinto     , Genetico ,   85,    50,   50,       45,                245,        246,        43,       2,        45,           237,             38.0,  70.22067160002189    ,  70.38388709997525
laberinto     , Genetico ,   86,    50,   50,       45,                270,        271,        31,      14,        45,           198,             32.0,  78.63767629995709    ,  78.80660479998915
laberinto     , Genetico ,   87,    50,   50,       45,                325,        326,        44,       1,        45,           319,            108.0,  86.61859809997259    ,  86.78054040001007
laberinto     , Genetico ,   88,    50,   50,       45,                290,        291,        35,      10,        45,           267,            138.0,  80.80452500004321    ,  80.97312559996499
laberinto     , Genetico ,   89,    50,   50,       45,                340,        341,         1,      44,        45,           275,            110.0,  62.21205859998008    ,  62.3754749999498
laberinto     , Genetico ,   90,    50,   50,       45,                280,        281,        44,       1,        45,           250,             62.0,  78.93469910003478    ,  79.11701029998949
laberinto     , Genetico ,   91,    50,   50,       45,                295,        296,        26,      19,        45,           284,            476.0,  81.89307590003591    ,  82.05525189999025
laberinto     , Genetico ,   92,    50,   50,       45,                345,        346,        43,       2,        45,           302,            163.0,  90.80360510002356    ,  90.96848310000496
laberinto     , Genetico ,   93,    50,   50,       45,                470,        471,        13,      32,        45,           437,            350.0,  90.94699959998252    ,  91.1093098000274
laberinto     , Genetico ,   94,    50,   50,       45,                335,        336,         5,      40,        45,           289,            906.0,  81.875148000021      ,  82.04082840000046
laberinto     , Genetico ,   95,    50,   50,       45,                270,        271,        45,       0,        45,           242,            132.0,  75.82552770001348    ,  75.98942549998173
laberinto     , Genetico ,   96,    50,   50,       45,                245,        246,        32,      13,        45,           236,            144.0,  68.5466071999981     ,  68.73336559999734
laberinto     , Genetico ,   97,    50,   50,       45,                415,        416,        10,      35,        45,           371,           2089.0,  99.23897449998185    ,  99.40167659998406
laberinto     , Genetico ,   98,    50,   50,       45,                350,        351,        45,       0,        45,           328,            174.0,  98.4654347000178     ,  98.63978109997697
laberinto     , Genetico ,   99,    50,   50,       45,                230,        231,        43,       2,        45,           210,             40.0,  62.10979820002103    ,  62.282444300013594
laberinto     , Genetico ,  100,    50,   50,       45,                305,        306,        32,      13,        45,           279,           1144.0,  77.72201010002755    ,  77.88966579997214
laberinto     , Genetico ,  101,    50,   50,       45,                335,        336,         5,      40,        45,           222,             72.0,  72.88106080004945    ,  73.05086059996393
laberinto     , Genetico ,  102,    50,   50,       45,                355,        356,        45,       0,        45,           301,            131.0,  91.36755349999294    ,  91.52654240000993
laberinto     , Genetico ,  103,    50,   50,       45,                295,        296,        20,      25,        45,           253,            236.0,  78.77285760000814    ,  78.9644492000225
laberinto     , Genetico ,  104,    50,   50,       45,                305,        306,        41,       4,        45,           282,            478.0,  82.82909499999369    ,  82.99618839996401
laberinto     , Genetico ,  105,    50,   50,       45,                380,        381,        32,      13,        45,           371,           1084.0,  98.68440999998711    ,  98.85204190004151
laberinto     , Genetico ,  106,    50,   50,       45,                300,        301,        41,       4,        45,           256,            126.0,  81.87831910001114    ,  82.04633540002396
laberinto     , Genetico ,  107,    50,   50,       45,                360,        361,        16,      29,        45,           318,              0.0,  74.00067410001066    ,  74.16907270002412
laberinto     , Genetico ,  108,    50,   50,       45,                435,        436,        36,       9,        45,           379,            333.0, 118.80814869998721    , 118.97446040000068
laberinto     , Genetico ,  109,    50,   50,       45,                325,        326,        45,       0,        45,           277,             32.0,  90.16869219997898    ,  90.33795940002892
laberinto     , Genetico ,  110,    50,   50,       45,                400,        401,        42,       3,        45,           356,             92.0, 106.29539089999162    , 106.45786970003974
laberinto     , Genetico ,  111,    50,   50,       45,                330,        331,        40,       5,        45,           299,            178.0,  85.81774619995849    ,  85.98780929995701
laberinto     , Genetico ,  112,    50,   50,       45,                460,        461,        36,       9,        45,           427,            519.0, 125.0443813999882     , 125.21464560000459
laberinto     , Genetico ,  113,    50,   50,       45,                410,        411,        21,      24,        45,           399,            419.0,  92.6226901000482     ,  92.7856040999759
laberinto     , Genetico ,  114,    50,   50,       45,                355,        356,        41,       4,        45,           314,             19.0,  95.63883840001654    ,  95.81282630003989
laberinto     , Genetico ,  115,    50,   50,       45,                390,        391,        36,       9,        45,           355,            205.0, 105.33831809996627    , 105.5055682999664
laberinto     , Genetico ,  116,    50,   50,       45,                345,        346,        40,       5,        45,           326,            270.0,  91.0967489000177     ,  91.26266409998061
laberinto     , Genetico ,  117,    50,   50,       45,                360,        361,        44,       1,        45,           343,             59.0, 101.90743180003483    , 102.06745060003595
laberinto     , Genetico ,  118,    50,   50,       45,                320,        321,        45,       0,        45,           287,             71.0,  87.99168959999224    ,  88.16244990000268
laberinto     , Genetico ,  119,    50,   50,       45,                285,        286,        15,      30,        45,           248,            109.0,  67.03834100003587    ,  67.19999230001122
abierto       , BFS      ,    0,    50,   50,       45,                380,        381,        45,       0,        45,           100,            800.0,   1.0994568000314757  ,   1.2666491999989375
abierto       , BFS      ,    1,    50,   50,       45,                315,        316,        45,       0,        45,            89,            700.0,   1.1798361000255682  ,   1.3553337000194006
abierto       , BFS      ,    2,    50,   50,       45,                395,        396,        44,       1,        45,            95,           1293.0,   1.3170197999570519  ,   1.487497899972368
abierto       , BFS      ,    3,    50,   50,       45,                415,        416,        40,       5,        45,           120,           1991.0,   1.6846768000395969  ,   1.860815600026399
abierto       , BFS      ,    4,    50,   50,       45,                240,        241,        44,       1,        45,            68,           2230.0,   2.474161499994807   ,   2.723727800010238
abierto       , BFS      ,    5,    50,   50,       45,                300,        301,        41,       4,        45,            90,            906.0,   2.1041721000219695  ,   2.664334500033874
abierto       , BFS      ,    6,    50,   50,       45,                270,        271,        44,       1,        45,            72,            984.0,   0.8584234000300057  ,   1.0482999000232667
abierto       , BFS      ,    7,    50,   50,       45,                270,        271,        43,       2,        45,           132,            872.0,   1.8813450000016019  ,   2.081923399993684
abierto       , BFS      ,    8,    50,   50,       45,                305,        306,        45,       0,        45,            92,           1090.0,   1.2081107000121847  ,   1.403153299994301
abierto       , BFS      ,    9,    50,   50,       45,                340,        341,        44,       1,        45,           103,            968.0,   1.3340637999936007  ,   1.5072538999957033
abierto       , BFS      ,   10,    50,   50,       45,                240,        241,        43,       2,        45,            75,            478.0,   0.8201187000377104  ,   0.9988462000037543
abierto       , BFS      ,   11,    50,   50,       45,                310,        311,        45,       0,        45,            88,           1562.0,   1.2708258999628015  ,   1.4521842999965884
abierto       , BFS      ,   12,    50,   50,       45,                255,        256,        45,       0,        45,            71,            437.0,   0.6891663999995217  ,   0.8712023999541998
abierto       , BFS      ,   13,    50,   50,       45,                240,        241,        45,       0,        45,            78,           1222.0,   0.8948899999959394  ,   1.0830705999978818
abierto       , BFS      ,   14,    50,   50,       45,                355,        356,        45,       0,        45,            82,           1610.0,   0.7950372000341304  ,   0.9709121999912895
abierto       , BFS      ,   15,    50,   50,       45,                225,        226,        44,       1,        45,            72,            557.0,   0.7041897000162862  ,   0.8838659999892116
abierto       , BFS      ,   16,    50,   50,       45,                325,        326,        44,       1,        45,            86,           1285.0,   1.0326440000208095  ,   1.2102067000232637
abierto       , BFS      ,   17,    50,   50,       45,                300,        301,        39,       6,        45,            92,           3354.0,   1.0831077999901026  ,   1.2689844999695197
abierto       , BFS      ,   18,    50,   50,       45,                280,        281,        45,       0,        45,            90,           1186.0,   1.3075865000137128  ,   1.487508699996397
abierto       , BFS      ,   19,    50,   50,       45,                310,        311,        45,       0,        45,            90,           1361.0,   1.4325412000180222  ,   1.6255235999706201
abierto       , BFS      ,   20,    50,   50,       45,                240,        241,        45,       0,        45,            83,           1694.0,   1.2123972999979742  ,   1.3966522000264376
abierto       , BFS      ,   21,    50,   50,       45,                355,        356,        45,       0,        45,            89,           1350.0,   1.021769899991341   ,   1.1942563999909908
abierto       , BFS      ,   22,    50,   50,       45,                250,        251,        19,      26,        45,            68,            655.0,   3.0561158999917097  ,   3.235340300016105
abierto       , BFS      ,   23,    50,   50,       45,                400,        401,        45,       0,        45,            84,            638.0,   0.9396580000175163  ,   1.1158396999817342
abierto       , BFS      ,   24,    50,   50,       45,                275,        276,        45,       0,        45,           105,            998.0,   1.3845067999791354  ,   1.5595529000274837
abierto       , BFS      ,   25,    50,   50,       45,                285,        286,        30,      15,        45,            85,            438.0,   1.5531561000389047  ,   1.7264865000033751
abierto       , BFS      ,   26,    50,   50,       45,                280,        281,        45,       0,        45,            99,           1779.0,   1.4726587000186555  ,   1.6442222999758087
abierto       , BFS      ,   27,    50,   50,       45,                435,        436,        45,       0,        45,            87,           1003.0,   1.0421470000292175  ,   1.225179200002458
abierto       , BFS      ,   28,    50,   50,       45,                285,        286,        45,       0,        45,            86,           1062.0,   0.9711829000152647  ,   1.1456789000076242
abierto       , BFS      ,   29,    50,   50,       45,                345,        346,        43,       2,        45,            90,           2355.0,   1.3457916000043042  ,   1.5261897000018507
abierto       , BFS      ,   30,    50,   50,       45,                350,        351,        45,       0,        45,            80,           1197.0,   0.8831831999705173  ,   1.0622833999805152
abierto       , BFS      ,   31,    50,   50,       45,                470,        471,        44,       1,        45,           106,           1168.0,   1.3717503999941982  ,   1.54666079999879
abierto       , BFS      ,   32,    50,   50,       45,                225,        226,        45,       0,        45,            81,           1289.0,   0.7251299999770708  ,   0.8890353000024334
abierto       , BFS      ,   33,    50,   50,       45,                235,        236,        45,       0,        45,            88,           1014.0,   1.0772996000014246  ,   1.2557637999998406
abierto       , BFS      ,   34,    50,   50,       45,                425,        426,        45,       0,        45,            96,            896.0,   1.2361214000266045  ,   1.4169639999745414
abierto       , BFS      ,   35,    50,   50,       45,                395,        396,        45,       0,        45,            86,            518.0,   0.8470611000084318  ,   1.028954999987036
abierto       , BFS      ,   36,    50,   50,       45,                285,        286,        45,       0,        45,            79,            920.0,   0.8836074999999255  ,   1.0858801000285894
abierto       , BFS      ,   37,    50,   50,       45,                335,        336,        45,       0,        45,            91,            681.0,   1.231210400001146   ,   1.4033342999755405
abierto       , BFS      ,   38,    50,   50,       45,                360,        361,        45,       0,        45,            87,            878.0,   0.8960811999859288  ,   1.0712818000465631
abierto       , BFS      ,   39,    50,   50,       45,                270,        271,        45,       0,        45,            90,           1279.0,   1.0282148999976926  ,   1.2050673000048846
abierto       , BFS      ,   40,    50,   50,       45,                285,        286,        45,       0,        45,            79,           2521.0,   0.9738003999809735  ,   1.1463694000267424
abierto       , BFS      ,   41,    50,   50,       45,                380,        381,        45,       0,        45,            96,           1118.0,   1.4366202999954112  ,   1.6075856999959797
abierto       , BFS      ,   42,    50,   50,       45,                355,        356,        45,       0,        45,            80,            840.0,   0.8163419999764301  ,   0.9861349999555387
abierto       , BFS      ,   43,    50,   50,       45,                265,        266,        44,       1,        45,            71,            428.0,   0.668064899975434   ,   0.8463832000270486
abierto       , BFS      ,   44,    50,   50,       45,                320,        321,        45,       0,        45,            93,           1052.0,   1.103659400017932   ,   1.2883859999710694
abierto       , BFS      ,   45,    50,   50,       45,                245,        246,        38,       7,        45,            80,            834.0,   0.7064651000546291  ,   0.8765853000222705
abierto       , BFS      ,   46,    50,   50,       45,                315,        316,        42,       3,        45,            91,           1749.0,   0.89882340002805    ,   1.0669665000168607
abierto       , BFS      ,   47,    50,   50,       45,                415,        416,        45,       0,        45,            93,           1814.0,   1.2174409999861382  ,   1.398838299966883
abierto       , BFS      ,   48,    50,   50,       45,                345,        346,        45,       0,        45,            83,           1642.0,   1.1258826000266708  ,   1.298106900008861
abierto       , BFS      ,   49,    50,   50,       45,                380,        381,        45,       0,        45,            78,           1154.0,   0.871431700012181   ,   1.0530376000097021
abierto       , BFS      ,   50,    50,   50,       45,                255,        256,        45,       0,        45,            85,            821.0,   1.2049076999537647  ,   1.3852992000174709
abierto       , BFS      ,   51,    50,   50,       45,                275,        276,        44,       1,        45,            71,            880.0,   0.7881574999773875  ,   0.965239500044845
abierto       , BFS      ,   52,    50,   50,       45,                325,        326,        21,      24,        45,           101,           2212.0,   1.805805700016208   ,   1.982162399974186
abierto       , BFS      ,   53,    50,   50,       45,                300,        301,        42,       3,        45,            88,           1190.0,   1.0348900000099093  ,   1.204271599999629
abierto       , BFS      ,   54,    50,   50,       45,                365,        366,        44,       1,        45,            84,           1630.0,   1.2086309000151232  ,   1.3824120999779552
abierto       , BFS      ,   55,    50,   50,       45,                225,        226,        45,       0,        45,            81,            841.0,   0.7881503000389785  ,   0.9638704000390135
abierto       , BFS      ,   56,    50,   50,       45,                275,        276,        42,       3,        45,            66,           1793.0,   0.7760778000229038  ,   0.9587770999642089
abierto       , BFS      ,   57,    50,   50,       45,                400,        401,        44,       1,        45,            87,            703.0,   1.1735609999741428  ,   1.357053499959875
abierto       , BFS      ,   58,    50,   50,       45,                335,        336,        44,       1,        45,            79,           2995.0,   0.9204223999986425  ,   1.094759300001897
abierto       , BFS      ,   59,    50,   50,       45,                235,        236,        45,       0,        45,            75,            593.0,   0.7440327999647707  ,   0.9160815000068396
abierto       , BFS      ,   60,    50,   50,       45,                365,        366,        44,       1,        45,            87,            593.0,   0.7469610000262037  ,   0.9204668999882415
abierto       , BFS      ,   61,    50,   50,       45,                365,        366,        35,      10,        45,           109,           1502.0,   1.4638927999767475  ,   1.6342633999884129
abierto       , BFS      ,   62,    50,   50,       45,                290,        291,        43,       2,        45,            78,            943.0,   0.839594799967017   ,   1.0365069000399671
abierto       , BFS      ,   63,    50,   50,       45,                340,        341,        44,       1,        45,            88,           1449.0,   1.04828579997411    ,   1.2437429999699816
abierto       , BFS      ,   64,    50,   50,       45,                335,        336,        45,       0,        45,            92,           1270.0,   1.236145699978806   ,   1.4104598999838345
abierto       , BFS      ,   65,    50,   50,       45,                370,        371,        45,       0,        45,           107,           1797.0,   1.6765986999962479  ,   1.856792200007476
abierto       , BFS      ,   66,    50,   50,       45,                300,        301,        45,       0,        45,            88,            835.0,   1.1282185000018217  ,   1.3114675999968313
abierto       , BFS      ,   67,    50,   50,       45,                250,        251,        45,       0,        45,            82,            519.0,   0.8060583000187762  ,   0.985648299974855
abierto       , BFS      ,   68,    50,   50,       45,                325,        326,        45,       0,        45,            86,           1312.0,   1.1007545000175014  ,   1.285102599998936
abierto       , BFS      ,   69,    50,   50,       45,                415,        416,        45,       0,        45,            90,           1464.0,   1.2439618000062183  ,   1.413255300023593
abierto       , BFS      ,   70,    50,   50,       45,                255,        256,        44,       1,        45,            77,            574.0,   0.7719343000208028  ,   0.9514029999845661
abierto       , BFS      ,   71,    50,   50,       45,                285,        286,        39,       6,        45,            91,            870.0,   1.0102467999677174  ,   1.1927411000360735
abierto       , BFS      ,   72,    50,   50,       45,                250,        251,        41,       4,        45,           118,           1144.0,   0.9080048999749124  ,   1.0830871000071056
abierto       , BFS      ,   73,    50,   50,       45,                235,        236,        44,       1,        45,            80,            928.0,   0.8726360000437126  ,   1.0509101999923587
abierto       , BFS      ,   74,    50,   50,       45,                405,        406,        45,       0,        45,            91,            917.0,   1.1013956000097096  ,   1.2686435999930836
abierto       , BFS      ,   75,    50,   50,       45,                300,        301,        45,       0,        45,            88,           1933.0,   0.8635102999978699  ,   1.0331450999947265
abierto       , BFS      ,   76,    50,   50,       45,                300,        301,        45,       0,        45,            88,            748.0,   1.0305069999885745  ,   1.2132317000068724
abierto       , BFS      ,   77,    50,   50,       45,                395,        396,        45,       0,        45,            87,           1593.0,   0.980109199997969   ,   1.1584811999928206
abierto       , BFS      ,   78,    50,   50,       45,                305,        306,        44,       1,        45,            89,            902.0,   0.8066247000242583  ,   0.9799187000025995
abierto       , BFS      ,   79,    50,   50,       45,                380,        381,        45,       0,        45,            87,            828.0,   1.032263899978716   ,   1.2126901000156067
abierto       , BFS      ,   80,    50,   50,       45,                240,        241,        41,       4,        45,            90,           1814.0,   0.9388936000177637  ,   1.1151263000210747
abierto       , BFS      ,   81,    50,   50,       45,                395,        396,        45,       0,        45,            81,           1967.0,   1.0997187999892049  ,   1.2851368999690749
abierto       , BFS      ,   82,    50,   50,       45,                290,        291,        43,       2,        45,            93,           1562.0,   1.3881209999672137  ,   1.565035599982366
abierto       , BFS      ,   83,    50,   50,       45,                275,        276,        45,       0,        45,            86,           1795.0,   0.773242199968081   ,   0.9523219000548124
abierto       , BFS      ,   84,    50,   50,       45,                320,        321,        45,       0,        45,            92,           1351.0,   1.0268572999630123  ,   1.2084437999874353
abierto       , BFS      ,   85,    50,   50,       45,                310,        311,        38,       7,        45,           130,            381.0,   1.2408211000147276  ,   1.4145934999687597
abierto       , BFS      ,   86,    50,   50,       45,                225,        226,        44,       1,        45,            71,            272.0,   0.7026249000336975  ,   0.8831684999749996
abierto       , BFS      ,   87,    50,   50,       45,                330,        331,        45,       0,        45,           112,           3213.0,   1.626619499991648   ,   1.7958378000184894
abierto       , BFS      ,   88,    50,   50,       45,                315,        316,        44,       1,        45,            84,           1113.0,   1.0278268000110984  ,   1.2045972000341862
abierto       , BFS      ,   89,    50,   50,       45,                250,        251,        43,       2,        45,            90,           1373.0,   1.1714957000222057  ,   1.3468904999899678
abierto       , BFS      ,   90,    50,   50,       45,                255,        256,        45,       0,        45,            71,           1716.0,   0.9401017999625765  ,   1.141040200018324
abierto       , BFS      ,   91,    50,   50,       45,                270,        271,        43,       2,        45,            88,           1990.0,   0.9295372000196949  ,   1.105408700008411
abierto       , BFS      ,   92,    50,   50,       45,                265,        266,        44,       1,        45,            72,            336.0,   0.7276713000028394  ,   0.9075559999910183
abierto       , BFS      ,   93,    50,   50,       45,                230,        231,        45,       0,        45,            78,            805.0,   1.0463682999834418  ,   1.2224020999856293
abierto       , BFS      ,   94,    50,   50,       45,                415,        416,        43,       2,        45,           124,           2778.0,   1.840934899984859   ,   2.018013500026427
abierto       , BFS      ,   95,    50,   50,       45,                350,        351,        45,       0,        45,            92,           1069.0,   1.1768180999788456  ,   1.3673152000410482
abierto       , BFS      ,   96,    50,   50,       45,                290,        291,        45,       0,        45,            92,           1074.0,   1.2511990000493824  ,   1.428647099994123
abierto       , BFS      ,   97,    50,   50,       45,                320,        321,        45,       0,        45,            75,            637.0,   0.8748725999612361  ,   1.0532960999989882
abierto       , BFS      ,   98,    50,   50,       45,                325,        326,        45,       0,        45,            85,           1592.0,   1.1451649999944493  ,   1.3459647000418045
abierto       , BFS      ,   99,    50,   50,       45,                395,        396,        41,       4,        45,           123,           1542.0,   1.390478199988138   ,   1.5736900999909267
abierto       , BFS      ,  100,    50,   50,       45,                245,        246,        43,       2,        45,            76,           1066.0,   0.8014644000213593  ,   0.9668320000055246
abierto       , BFS      ,  101,    50,   50,       45,                320,        321,        45,       0,        45,            91,           1751.0,   1.1598565999884158  ,   1.3394145999918692
abierto       , BFS      ,  102,    50,   50,       45,                275,        276,        45,       0,        45,            75,           1339.0,   0.9227840999956243  ,   1.0967020000098273
abierto       , BFS      ,  103,    50,   50,       45,                280,        281,        40,       5,        45,            72,           1324.0,   0.7368017999688163  ,   0.9155053999857046
abierto       , BFS      ,  104,    50,   50,       45,                260,        261,        45,       0,        45,            74,            287.0,   0.7329643000266515  ,   0.9110157000250183
abierto       , BFS      ,  105,    50,   50,       45,                365,        366,        45,       0,        45,            93,            697.0,   1.147933500004001   ,   1.3273454000009224
abierto       , BFS      ,  106,    50,   50,       45,                450,        451,        45,       0,        45,           115,           1985.0,   1.75487120001344    ,   1.9351192000322044
abierto       , BFS      ,  107,    50,   50,       45,                345,        346,        45,       0,        45,            80,            289.0,   0.7609330999548547  ,   0.9415781000279821
abierto       , BFS      ,  108,    50,   50,       45,                375,        376,        45,       0,        45,            74,           1318.0,   0.8739934000186622  ,   1.0569892000057735
abierto       , BFS      ,  109,    50,   50,       45,                260,        261,        45,       0,        45,            74,           1093.0,   0.49511449999408796 ,   0.6655139999929816
abierto       , BFS      ,  110,    50,   50,       45,                365,        366,        45,       0,        45,           102,            915.0,   0.9542138999677263  ,   1.1241545000229962
abierto       , BFS      ,  111,    50,   50,       45,                280,        281,        45,       0,        45,            78,            602.0,   0.766359300003387   ,   0.9518387999851257
abierto       , BFS      ,  112,    50,   50,       45,                375,        376,        42,       3,        45,            96,           1558.0,   1.4833299000165425  ,   1.6615752999787219
abierto       , BFS      ,  113,    50,   50,       45,                330,        331,        43,       2,        45,            85,           1345.0,   0.7872128000017256  ,   0.9721202999935485
abierto       , BFS      ,  114,    50,   50,       45,                365,        366,        45,       0,        45,            88,           2089.0,   1.3326103000435978  ,   1.5142798000015318
abierto       , BFS      ,  115,    50,   50,       45,                320,        321,        45,       0,        45,            90,           1095.0,   1.1207308999728411  ,   1.3249369999975897
abierto       , BFS      ,  116,    50,   50,       45,                325,        326,        35,      10,        45,           115,           1599.0,   1.4381565999938175  ,   1.6231245000381023
abierto       , BFS      ,  117,    50,   50,       45,                310,        311,        45,       0,        45,            80,           1869.0,   1.0962120000040159  ,   1.2712678000098094
abierto       , BFS      ,  118,    50,   50,       45,                305,        306,        43,       2,        45,            80,           1144.0,   0.9030942999524996  ,   1.0918450999888591
abierto       , BFS      ,  119,    50,   50,       45,                265,        266,        44,       1,        45,            70,            894.0,   0.8141509999986738  ,   0.9874591000261717
abierto       , DFS      ,    0,    50,   50,       45,                380,        381,         0,      45,        45,              ,          14816.0,   3.0056188000016846  ,   3.1787132999743335
abierto       , DFS      ,    1,    50,   50,       45,                315,        316,         1,      44,        45,           297,           2774.0,   2.0048887000302784  ,   2.179119000036735
abierto       , DFS      ,    2,    50,   50,       45,                395,        396,         1,      44,        45,           361,          30719.0,   2.251143100031186   ,   2.4243001000140794
abierto       , DFS      ,    3,    50,   50,       45,                415,        416,         7,      38,        45,           385,           6597.0,   2.4475014999625273  ,   2.62117009999929
abierto       , DFS      ,    4,    50,   50,       45,                240,        241,         8,      37,        45,           229,           3243.0,   4.135009200021159   ,   4.313916500017513
abierto       , DFS      ,    5,    50,   50,       45,                300,        301,         2,      43,        45,           274,           1705.0,   2.107647700002417   ,   2.296550000028219
abierto       , DFS      ,    6,    50,   50,       45,                270,        271,         4,      41,        45,           240,           2444.0,   1.9594007999985479  ,   2.1305953000555746
abierto       , DFS      ,    7,    50,   50,       45,                270,        271,         0,      45,        45,              ,           1816.0,   2.901768199983053   ,   3.0897241000202484
abierto       , DFS      ,    8,    50,   50,       45,                305,        306,        13,      32,        45,           275,           3961.0,   1.18566080002347    ,   1.3629987000022084
abierto       , DFS      ,    9,    50,   50,       45,                340,        341,         0,      45,        45,              ,           2282.0,   1.659795799991116   ,   1.8325692000216804
abierto       , DFS      ,   10,    50,   50,       45,                240,        241,         0,      45,        45,              ,           1785.0,   2.0148468999541365  ,   2.196055000007618
abierto       , DFS      ,   11,    50,   50,       45,                310,        311,         2,      43,        45,           276,           5206.0,   4.9001376000232995  ,   5.084227599960286
abierto       , DFS      ,   12,    50,   50,       45,                255,        256,         0,      45,        45,              ,           3964.0,   1.9518911000341177  ,   2.1318109999992885
abierto       , DFS      ,   13,    50,   50,       45,                240,        241,         0,      45,        45,              ,           1485.0,   2.2380470000207424  ,   2.4160433000070043
abierto       , DFS      ,   14,    50,   50,       45,                355,        356,         2,      43,        45,            44,           5663.0,   2.744652099965606   ,   2.9184917000238784
abierto       , DFS      ,   15,    50,   50,       45,                225,        226,         0,      45,        45,              ,           2996.0,   2.3528834999888204  ,   2.5262157000252046
abierto       , DFS      ,   16,    50,   50,       45,                325,        326,        19,      26,        45,           295,           1447.0,   1.7931857000221498  ,   1.9657997000031173
abierto       , DFS      ,   17,    50,   50,       45,                300,        301,        17,      28,        45,           282,           4522.0,   2.9527930000331253  ,   3.131484500016086
abierto       , DFS      ,   18,    50,   50,       45,                280,        281,         0,      45,        45,              ,           2282.0,   3.4680814999737777  ,   3.6415210000122897
abierto       , DFS      ,   19,    50,   50,       45,                310,        311,         0,      45,        45,              ,           4398.0,   2.385061000008136   ,   2.5633694999851286
abierto       , DFS      ,   20,    50,   50,       45,                240,        241,         2,      43,        45,           204,           1440.0,   4.463520199991763   ,   4.6651170999975875
abierto       , DFS      ,   21,    50,   50,       45,                355,        356,         0,      45,        45,              ,           1778.0,   2.9516335999942385  ,   3.1204161000205204
abierto       , DFS      ,   22,    50,   50,       45,                250,        251,         0,      45,        45,              ,            577.0,   4.30818640004145    ,   4.485076899989508
abierto       , DFS      ,   23,    50,   50,       45,                400,        401,         0,      45,        45,              ,           9162.0,   2.742693300009705   ,   2.9189413000131026
abierto       , DFS      ,   24,    50,   50,       45,                275,        276,         0,      45,        45,              ,           1430.0,   3.786592299991753   ,   3.961989999981597
abierto       , DFS      ,   25,    50,   50,       45,                285,        286,         0,      45,        45,              ,           3274.0,   3.617046100029256   ,   3.7932991000125185
abierto       , DFS      ,   26,    50,   50,       45,                280,        281,         0,      45,        45,              ,           4157.0,   8.622169199981727   ,   8.794390099996235
abierto       , DFS      ,   27,    50,   50,       45,                435,        436,         2,      43,        45,           417,           8306.0,   3.9547425999771804  ,   4.135816399997566
abierto       , DFS      ,   28,    50,   50,       45,                285,        286,         9,      36,        45,           251,           2427.0,   1.4551473999745212  ,   1.6301068000029773
abierto       , DFS      ,   29,    50,   50,       45,                345,        346,         0,      45,        45,              ,           3148.0,   2.271540499990806   ,   2.4548198000411503
abierto       , DFS      ,   30,    50,   50,       45,                350,        351,         4,      41,        45,           316,           4151.0,   2.7769767999998294  ,   2.9531710000010207
abierto       , DFS      ,   31,    50,   50,       45,                470,        471,         0,      45,        45,              ,          13617.0,   3.625589500006754   ,   3.799659700016491
abierto       , DFS      ,   32,    50,   50,       45,                225,        226,         2,      43,        45,            54,           2614.0,   1.4622601000010036  ,   1.6251512999879196
abierto       , DFS      ,   33,    50,   50,       45,                235,        236,         0,      45,        45,              ,           2714.0,   6.630671099992469   ,   6.805337900004815
abierto       , DFS      ,   34,    50,   50,       45,                425,        426,         1,      44,        45,           399,            818.0,   3.5941524000372738  ,   3.769306299975142
abierto       , DFS      ,   35,    50,   50,       45,                395,        396,         2,      43,        45,           365,          10560.0,   1.9669176999595948  ,   2.148513499996625
abierto       , DFS      ,   36,    50,   50,       45,                285,        286,         0,      45,        45,              ,           7278.0,   2.721066800004337   ,   2.9056397000094876
abierto       , DFS      ,   37,    50,   50,       45,                335,        336,         1,      44,        45,           313,           8153.0,   1.6140368999913335  ,   1.7878211999777704
abierto       , DFS      ,   38,    50,   50,       45,                360,        361,         0,      45,        45,              ,           4917.0,   1.2816052000271156  ,   1.4594140999834053
abierto       , DFS      ,   39,    50,   50,       45,                270,        271,         2,      43,        45,            54,           2113.0,   1.6661675000214018  ,   1.8495163000188768
abierto       , DFS      ,   40,    50,   50,       45,                285,        286,        14,      31,        45,           255,           1917.0,   1.973984299984295   ,   2.1459013000130653
abierto       , DFS      ,   41,    50,   50,       45,                380,        381,         0,      45,        45,              ,           4434.0,   3.2553088999702595  ,   3.4274879999575205
abierto       , DFS      ,   42,    50,   50,       45,                355,        356,         0,      45,        45,              ,           5996.0,   3.131426799984183   ,   3.3227576999925077
abierto       , DFS      ,   43,    50,   50,       45,                265,        266,         0,      45,        45,              ,           7576.0,   2.87079299998004    ,   3.04483369999798
abierto       , DFS      ,   44,    50,   50,       45,                320,        321,         0,      45,        45,              ,           3536.0,   3.4077305999817327  ,   3.592941399954725
abierto       , DFS      ,   45,    50,   50,       45,                245,        246,         0,      45,        45,              ,           2890.0,   2.773622200009413   ,   2.948751399992034
abierto       , DFS      ,   46,    50,   50,       45,                315,        316,         8,      37,        45,           305,           6578.0,   1.778999600035604   ,   1.9494576000142843
abierto       , DFS      ,   47,    50,   50,       45,                415,        416,         1,      44,        45,           387,           8690.0,   3.4735607000184245  ,   3.650868900003843
abierto       , DFS      ,   48,    50,   50,       45,                345,        346,         0,      45,        45,              ,           6221.0,   2.7644045999622904  ,   2.932454299996607
abierto       , DFS      ,   49,    50,   50,       45,                380,        381,         0,      45,        45,              ,           9505.0,   2.3218350000097416  ,   2.4991041000466794
abierto       , DFS      ,   50,    50,   50,       45,                255,        256,         0,      45,        45,              ,           2008.0,   2.833949299994856   ,   3.014054200029932
abierto       , DFS      ,   51,    50,   50,       45,                275,        276,        10,      35,        45,            75,           2364.0,   2.7327834999887273  ,   2.9119936000206508
abierto       , DFS      ,   52,    50,   50,       45,                325,        326,         0,      45,        45,              ,            321.0,   1.7907088000210933  ,   1.9663917000289075
abierto       , DFS      ,   53,    50,   50,       45,                300,        301,         7,      38,        45,           278,           4501.0,   2.220783400000073   ,   2.405866799992509
abierto       , DFS      ,   54,    50,   50,       45,                365,        366,        11,      34,        45,           331,           5127.0,   1.5370872999774292  ,   1.7102872999967076
abierto       , DFS      ,   55,    50,   50,       45,                225,        226,         0,      45,        45,              ,           3989.0,   2.905594400013797   ,   3.079628400038928
abierto       , DFS      ,   56,    50,   50,       45,                275,        276,         0,      45,        45,              ,           5737.0,   1.717066999990493   ,   1.8967309000436217
abierto       , DFS      ,   57,    50,   50,       45,                400,        401,        12,      33,        45,           386,           7064.0,   1.5878174000536092  ,   1.7667695999844
abierto       , DFS      ,   58,    50,   50,       45,                335,        336,         0,      45,        45,              ,           6248.0,   2.593711699999403   ,   2.774258599965833
abierto       , DFS      ,   59,    50,   50,       45,                235,        236,         2,      43,        45,           221,           1883.0,   1.3936323000234552  ,   1.5679318999755196
abierto       , DFS      ,   60,    50,   50,       45,                365,        366,         3,      42,        45,           351,           3372.0,   1.8341515999636613  ,   2.015374500013422
abierto       , DFS      ,   61,    50,   50,       45,                365,        366,         0,      45,        45,              ,           2330.0,   2.2801077000331134  ,   2.4464274999918416
abierto       , DFS      ,   62,    50,   50,       45,                290,        291,         6,      39,        45,           256,           1846.0,   2.6492938000010327  ,   2.826886900002137
abierto       , DFS      ,   63,    50,   50,       45,                340,        341,         0,      45,        45,              ,           3060.0,   2.449256099993363   ,   2.6356656000134535
abierto       , DFS      ,   64,    50,   50,       45,                335,        336,         2,      43,        45,           301,           2334.0,   2.391997199971229   ,   2.56362369999988
abierto       , DFS      ,   65,    50,   50,       45,                370,        371,         0,      45,        45,              ,           1710.0,   2.995696099998895   ,   3.176641700032633
abierto       , DFS      ,   66,    50,   50,       45,                300,        301,         1,      44,        45,            47,           5279.0,   1.7170326999621466  ,   1.9144825999974273
abierto       , DFS      ,   67,    50,   50,       45,                250,        251,         4,      41,        45,           236,           6653.0,   3.3564381999894977  ,   3.538968599983491
abierto       , DFS      ,   68,    50,   50,       45,                325,        326,         2,      43,        45,           295,           8973.0,   3.604929599969182   ,   3.7838843000354245
abierto       , DFS      ,   69,    50,   50,       45,                415,        416,         4,      41,        45,           393,           3089.0,   2.012649299984332   ,   2.182347599999048
abierto       , DFS      ,   70,    50,   50,       45,                255,        256,         5,      40,        45,           237,           5484.0,   1.801514299993869   ,   1.9803260000189766
abierto       , DFS      ,   71,    50,   50,       45,                285,        286,         5,      40,        45,           255,           2990.0,   4.3554056999855675  ,   4.536859399988316
abierto       , DFS      ,   72,    50,   50,       45,                250,        251,         7,      38,        45,           216,           2343.0,   2.2583592000300996  ,   2.440010500024073
abierto       , DFS      ,   73,    50,   50,       45,                235,        236,         9,      36,        45,           225,           2463.0,   3.001079000008758   ,   3.1803833000012673
abierto       , DFS      ,   74,    50,   50,       45,                405,        406,         1,      44,        45,           379,           3200.0,   3.8891962000052445  ,   4.060841099999379
abierto       , DFS      ,   75,    50,   50,       45,                300,        301,        13,      32,        45,           288,          12691.0,   1.7387986000394449  ,   1.9083492000354454
abierto       , DFS      ,   76,    50,   50,       45,                300,        301,        20,      25,        45,           270,          16863.0,   1.4471314999973401  ,   1.629863900016062
abierto       , DFS      ,   77,    50,   50,       45,                395,        396,        28,      17,        45,           384,           5268.0,   1.584788899985142   ,   1.760313699953258
abierto       , DFS      ,   78,    50,   50,       45,                305,        306,         0,      45,        45,              ,           3146.0,   2.724996300006751   ,   2.900552300037816
abierto       , DFS      ,   79,    50,   50,       45,                380,        381,        28,      17,        45,           366,           5523.0,   1.5216899000224657  ,   1.6986078000045381
abierto       , DFS      ,   80,    50,   50,       45,                240,        241,         2,      43,        45,           228,           4903.0,   7.668925700010732   ,   7.846376000030432
abierto       , DFS      ,   81,    50,   50,       45,                395,        396,        18,      27,        45,           355,          12458.0,   4.2056776999961585  ,   4.387842800002545
abierto       , DFS      ,   82,    50,   50,       45,                290,        291,         0,      45,        45,              ,           1853.0,   2.3730797999887727  ,   2.552754200005438
abierto       , DFS      ,   83,    50,   50,       45,                275,        276,         0,      45,        45,              ,           1387.0,   1.896905700035859   ,   2.0978761999867857
abierto       , DFS      ,   84,    50,   50,       45,                320,        321,         1,      44,        45,           282,          12434.0,   2.791863700025715   ,   2.9730436999816447
abierto       , DFS      ,   85,    50,   50,       45,                310,        311,         2,      43,        45,           276,           6728.0,   3.373220700013917   ,   3.548676299978979
abierto       , DFS      ,   86,    50,   50,       45,                225,        226,         0,      45,        45,              ,           6684.0,   1.7893724999739788  ,   1.964498499990441
abierto       , DFS      ,   87,    50,   50,       45,                330,        331,         0,      45,        45,              ,           2387.0,   4.399356700014323   ,   4.575089099991601
abierto       , DFS      ,   88,    50,   50,       45,                315,        316,         0,      45,        45,              ,           3037.0,   0.9488479000283405  ,   1.1269094999879599
abierto       , DFS      ,   89,    50,   50,       45,                250,        251,         0,      45,        45,              ,           1972.0,   2.6138724999618717  ,   2.7878659000271
abierto       , DFS      ,   90,    50,   50,       45,                255,        256,         0,      45,        45,              ,           3052.0,   4.443273899960332   ,   4.630562899983488
abierto       , DFS      ,   91,    50,   50,       45,                270,        271,         0,      45,        45,              ,           4385.0,   1.6547692000167444  ,   1.8335954999784008
abierto       , DFS      ,   92,    50,   50,       45,                265,        266,         0,      45,        45,              ,           3651.0,   2.788147500017658   ,   2.9712266999995336
abierto       , DFS      ,   93,    50,   50,       45,                230,        231,         1,      44,        45,           201,           4269.0,  11.113372199994046   ,  11.290287500014529
abierto       , DFS      ,   94,    50,   50,       45,                415,        416,         2,      43,        45,           397,           5577.0,   4.58768220001366    ,   4.764747100009117
abierto       , DFS      ,   95,    50,   50,       45,                350,        351,         0,      45,        45,              ,           3655.0,   1.4704379999893717  ,   1.6606918999459594
abierto       , DFS      ,   96,    50,   50,       45,                290,        291,        13,      32,        45,           260,           3770.0,   2.3350659999996424  ,   2.5129615999758244
abierto       , DFS      ,   97,    50,   50,       45,                320,        321,         0,      45,        45,              ,           4591.0,   2.5688017000211403  ,   2.7437270000227727
abierto       , DFS      ,   98,    50,   50,       45,                325,        326,         1,      44,        45,           291,           5995.0,   1.927271099993959   ,   2.1135097999940626
abierto       , DFS      ,   99,    50,   50,       45,                395,        396,         0,      45,        45,              ,           3289.0,   1.814641400007531   ,   1.9871949999942444
abierto       , DFS      ,  100,    50,   50,       45,                245,        246,         6,      39,        45,            76,           3653.0,   2.15899680001894    ,   2.3257910999818705
abierto       , DFS      ,  101,    50,   50,       45,                320,        321,         0,      45,        45,              ,           1766.0,   2.9646435999893583  ,   3.140315999975428
abierto       , DFS      ,  102,    50,   50,       45,                275,        276,         0,      45,        45,              ,           1712.0,   4.503056999994442   ,   4.67641520005418
abierto       , DFS      ,  103,    50,   50,       45,                280,        281,         0,      45,        45,              ,           3188.0,   1.9740788000053726  ,   2.1485957999830134
abierto       , DFS      ,  104,    50,   50,       45,                260,        261,         0,      45,        45,              ,           3905.0,   3.2640949999913573  ,   3.4389634000253864
abierto       , DFS      ,  105,    50,   50,       45,                365,        366,        30,      15,        45,           335,           7140.0,   1.4804510000394657  ,   1.6701983000384644
abierto       , DFS      ,  106,    50,   50,       45,                450,        451,         0,      45,        45,              ,          17985.0,   2.1081230000127107  ,   2.3123296999838203
abierto       , DFS      ,  107,    50,   50,       45,                345,        346,         0,      45,        45,              ,           7159.0,   3.120092500001192   ,   3.2997921999776736
abierto       , DFS      ,  108,    50,   50,       45,                375,        376,         1,      44,        45,           363,           4426.0,   2.895083200011868   ,   3.0784514999832027
abierto       , DFS      ,  109,    50,   50,       45,                260,        261,        26,      19,        45,           226,            967.0,   2.214021900028456   ,   2.38598889997229
abierto       , DFS      ,  110,    50,   50,       45,                365,        366,        10,      35,        45,           343,          12375.0,   2.353066800045781   ,   2.522896500013303
abierto       , DFS      ,  111,    50,   50,       45,                280,        281,         0,      45,        45,              ,           1317.0,   2.0422063000150956  ,   2.23259849997703
abierto       , DFS      ,  112,    50,   50,       45,                375,        376,         0,      45,        45,              ,           4968.0,   3.0237069000140764  ,   3.206981600029394
abierto       , DFS      ,  113,    50,   50,       45,                330,        331,         0,      45,        45,              ,           2819.0,   2.905168999976013   ,   3.0888087999774143
abierto       , DFS      ,  114,    50,   50,       45,                365,        366,         0,      45,        45,              ,           2240.0,   2.43866689997958    ,   2.622626499971375
abierto       , DFS      ,  115,    50,   50,       45,                320,        321,         2,      43,        45,           290,           9728.0,   2.5113294000038877  ,   2.6919881000067107
abierto       , DFS      ,  116,    50,   50,       45,                325,        326,         0,      45,        45,              ,            940.0,   4.7149093999760225  ,   4.890908900008071
abierto       , DFS      ,  117,    50,   50,       45,                310,        311,         0,      45,        45,              ,           4546.0,   3.008592600002885   ,   3.185897200019099
abierto       , DFS      ,  118,    50,   50,       45,                305,        306,        15,      30,        45,           281,           3686.0,   1.9336536999908276  ,   2.1134746000170708
abierto       , DFS      ,  119,    50,   50,       45,                265,        266,         1,      44,        45,            53,           1626.0,   2.1332124000182375  ,   2.308953500003554
abierto       , A*       ,    0,    50,   50,       45,                380,        381,        45,       0,        45,           108,           1368.0,   0.8309842000016943  ,   0.9974678999860771
abierto       , A*       ,    1,    50,   50,       45,                315,        316,        45,       0,        45,            93,           1950.0,   0.7430316000245512  ,   0.9190359999774955
abierto       , A*       ,    2,    50,   50,       45,                395,        396,        44,       1,        45,            99,           3370.0,   1.101270699989982   ,   1.2876248000538908
abierto       , A*       ,    3,    50,   50,       45,                415,        416,        44,       1,        45,           130,           5387.0,   1.8442110000178218  ,   2.019400699995458
abierto       , A*       ,    4,    50,   50,       45,                240,        241,        44,       1,        45,            73,           3079.0,   0.41668840002967045 ,   0.5890624999883585
abierto       , A*       ,    5,    50,   50,       45,                300,        301,        41,       4,        45,            92,           1367.0,   0.5552148999995552  ,   0.738342399999965
abierto       , A*       ,    6,    50,   50,       45,                270,        271,        44,       1,        45,            76,           1545.0,   0.448839999968186   ,   0.6210698999930173
abierto       , A*       ,    7,    50,   50,       45,                270,        271,        45,       0,        45,           154,           1358.0,   2.052812299982179   ,   2.234983700036537
abierto       , A*       ,    8,    50,   50,       45,                305,        306,        45,       0,        45,            94,           1545.0,   0.7042817999608815  ,   0.8813171000219882
abierto       , A*       ,    9,    50,   50,       45,                340,        341,        44,       1,        45,           115,           1799.0,   0.9435607999912463  ,   1.114926599955652
abierto       , A*       ,   10,    50,   50,       45,                240,        241,        42,       3,        45,            81,            607.0,   0.5918547000037506  ,   0.7670685999910347
abierto       , A*       ,   11,    50,   50,       45,                310,        311,        45,       0,        45,            92,           3619.0,   0.8369700000039302  ,   1.0126120999921113
abierto       , A*       ,   12,    50,   50,       45,                255,        256,        45,       0,        45,            75,            505.0,   0.364704699954018   ,   0.5455841000075452
abierto       , A*       ,   13,    50,   50,       45,                240,        241,        45,       0,        45,            82,           1099.0,   0.4864393000025302  ,   0.6572621000232175
abierto       , A*       ,   14,    50,   50,       45,                355,        356,        45,       0,        45,            88,           2617.0,   0.3463716999976896  ,   0.5180720000062138
abierto       , A*       ,   15,    50,   50,       45,                225,        226,        44,       1,        45,            76,            676.0,   0.39201189996674657 ,   0.5738972999970429
abierto       , A*       ,   16,    50,   50,       45,                325,        326,        44,       1,        45,            94,           1771.0,   0.5361496999976225  ,   0.7102801000000909
abierto       , A*       ,   17,    50,   50,       45,                300,        301,        39,       6,        45,            92,           3244.0,   0.5603584999917075  ,   0.7399691000464372
abierto       , A*       ,   18,    50,   50,       45,                280,        281,        45,       0,        45,            96,           1565.0,   0.8386134000029415  ,   1.0133159999968484
abierto       , A*       ,   19,    50,   50,       45,                310,        311,        45,       0,        45,            95,           2716.0,   0.8995594999869354  ,   1.0763245000271127
abierto       , A*       ,   20,    50,   50,       45,                240,        241,        45,       0,        45,            93,           1980.0,   0.7040321999811567  ,   0.8778626000275835
abierto       , A*       ,   21,    50,   50,       45,                355,        356,        45,       0,        45,            89,           2054.0,   0.6111899999668822  ,   0.7815390999894589
abierto       , A*       ,   22,    50,   50,       45,                250,        251,        17,      28,        45,            67,           1071.0,   4.852938500000164   ,   5.033721300016623
abierto       , A*       ,   23,    50,   50,       45,                400,        401,        45,       0,        45,            86,            992.0,   0.5214113999973051  ,   0.7040357000078075
abierto       , A*       ,   24,    50,   50,       45,                275,        276,        45,       0,        45,           119,           1558.0,   0.9951150999986567  ,   1.1633422000450082
abierto       , A*       ,   25,    50,   50,       45,                285,        286,        30,      15,        45,            91,            511.0,   1.5963398999883793  ,   1.770559900032822
abierto       , A*       ,   26,    50,   50,       45,                280,        281,        45,       0,        45,           107,           5440.0,   1.0478155000018887  ,   1.2201227999757975
abierto       , A*       ,   27,    50,   50,       45,                435,        436,        45,       0,        45,            91,           3106.0,   0.5896784000215121  ,   0.7695641000173055
abierto       , A*       ,   28,    50,   50,       45,                285,        286,        45,       0,        45,            92,           1480.0,   0.5037306000012904  ,   0.6775779000017792
abierto       , A*       ,   29,    50,   50,       45,                345,        346,        45,       0,        45,            92,           2419.0,   0.8694019000395201  ,   1.0524452000390738
abierto       , A*       ,   30,    50,   50,       45,                350,        351,        45,       0,        45,            84,           1751.0,   0.42406089999713004 ,   0.600176099978853
abierto       , A*       ,   31,    50,   50,       45,                470,        471,        44,       1,        45,           122,           3061.0,   1.385101800027769   ,   1.5584896000218578
abierto       , A*       ,   32,    50,   50,       45,                225,        226,        45,       0,        45,            83,           1681.0,   0.3805463000317104  ,   0.5441683999961242
abierto       , A*       ,   33,    50,   50,       45,                235,        236,        45,       0,        45,            94,           2228.0,   0.7163624999811873  ,   0.8926785999792628
abierto       , A*       ,   34,    50,   50,       45,                425,        426,        45,       0,        45,           106,            927.0,   0.8865580999990925  ,   1.0702788000344299
abierto       , A*       ,   35,    50,   50,       45,                395,        396,        45,       0,        45,            97,           1397.0,   0.5215382000315003  ,   0.7047307000029832
abierto       , A*       ,   36,    50,   50,       45,                285,        286,        45,       0,        45,            83,           1839.0,   0.40262710000388324 ,   0.5849901000037789
abierto       , A*       ,   37,    50,   50,       45,                335,        336,        45,       0,        45,            95,           1885.0,   0.8539767999900505  ,   1.0287457999656908
abierto       , A*       ,   38,    50,   50,       45,                360,        361,        45,       0,        45,            91,           1486.0,   0.3772740999702364  ,   0.552457699959632
abierto       , A*       ,   39,    50,   50,       45,                270,        271,        45,       0,        45,            94,           1711.0,   0.5193984999787062  ,   0.6932363999658264
abierto       , A*       ,   40,    50,   50,       45,                285,        286,        45,       0,        45,            89,           2611.0,   0.47120640001958236 ,   0.6441155999782495
abierto       , A*       ,   41,    50,   50,       45,                380,        381,        45,       0,        45,           107,           3216.0,   1.0979053999762982  ,   1.2703936999896541
abierto       , A*       ,   42,    50,   50,       45,                355,        356,        45,       0,        45,            86,           1170.0,   0.5001529000001028  ,   0.6972692999988794
abierto       , A*       ,   43,    50,   50,       45,                265,        266,        44,       1,        45,            73,            822.0,   0.4013580000028014  ,   0.5786940999678336
abierto       , A*       ,   44,    50,   50,       45,                320,        321,        45,       0,        45,            99,           1533.0,   0.6208627000451088  ,   0.8056113999919035
abierto       , A*       ,   45,    50,   50,       45,                245,        246,        43,       2,        45,            86,           1186.0,   0.38444699998945    ,   0.5574991999892518
abierto       , A*       ,   46,    50,   50,       45,                315,        316,        44,       1,        45,            95,           2357.0,   0.45895699999528006 ,   0.6257101999945007
abierto       , A*       ,   47,    50,   50,       45,                415,        416,        45,       0,        45,            97,           2751.0,   0.5941860000020824  ,   0.7710981999989599
abierto       , A*       ,   48,    50,   50,       45,                345,        346,        45,       0,        45,            87,           2918.0,   0.49735699995653704 ,   0.6680435000453144
abierto       , A*       ,   49,    50,   50,       45,                380,        381,        45,       0,        45,            84,            900.0,   0.48612179997144267 ,   0.6598869999870658
abierto       , A*       ,   50,    50,   50,       45,                255,        256,        45,       0,        45,            91,           1381.0,   0.8057179999887012  ,   0.982246000028681
abierto       , A*       ,   51,    50,   50,       45,                275,        276,        44,       1,        45,            75,           1904.0,   0.5163479000329971  ,   0.7022385000018403
abierto       , A*       ,   52,    50,   50,       45,                325,        326,        21,      24,        45,           103,           1858.0,   2.436247800011188   ,   2.6104896999895573
abierto       , A*       ,   53,    50,   50,       45,                300,        301,        44,       1,        45,            94,           1506.0,   0.6050847999867983  ,   0.7755131999729201
abierto       , A*       ,   54,    50,   50,       45,                365,        366,        44,       1,        45,            92,           2079.0,   0.7536935999523848  ,   0.9274654000182636
abierto       , A*       ,   55,    50,   50,       45,                225,        226,        45,       0,        45,            81,            999.0,   0.35806389997014776 ,   0.5336375000188127
abierto       , A*       ,   56,    50,   50,       45,                275,        276,        42,       3,        45,            70,           2639.0,   0.41776380001101643 ,   0.5928565999493003
abierto       , A*       ,   57,    50,   50,       45,                400,        401,        44,       1,        45,            95,           1364.0,   0.7609682999900542  ,   0.939986500015948
abierto       , A*       ,   58,    50,   50,       45,                335,        336,        44,       1,        45,            85,           3838.0,   0.3923782000201754  ,   0.5650256000226364
abierto       , A*       ,   59,    50,   50,       45,                235,        236,        45,       0,        45,            77,            878.0,   0.3930879999534227  ,   0.5636315000010654
abierto       , A*       ,   60,    50,   50,       45,                365,        366,        44,       1,        45,            89,           1472.0,   0.4370113000040874  ,   0.6079735999810509
abierto       , A*       ,   61,    50,   50,       45,                365,        366,        45,       0,        45,           122,           5634.0,   1.6842009999672882  ,   1.8589628000045195
abierto       , A*       ,   62,    50,   50,       45,                290,        291,        43,       2,        45,            80,           1648.0,   0.3851894999970682  ,   0.5566928999614902
abierto       , A*       ,   63,    50,   50,       45,                340,        341,        44,       1,        45,            94,           1947.0,   0.6106125999940559  ,   0.7969444000045769
abierto       , A*       ,   64,    50,   50,       45,                335,        336,        45,       0,        45,            98,           2581.0,   0.8616717999684624  ,   1.0340218999772333
abierto       , A*       ,   65,    50,   50,       45,                370,        371,        45,       0,        45,           113,           5978.0,   1.4928181999712251  ,   1.6801046999753453
abierto       , A*       ,   66,    50,   50,       45,                300,        301,        45,       0,        45,            92,           1372.0,   0.6657850000192411  ,   0.8402612999780104
abierto       , A*       ,   67,    50,   50,       45,                250,        251,        45,       0,        45,            82,            738.0,   0.44024979998357594 ,   0.6217776000266895
abierto       , A*       ,   68,    50,   50,       45,                325,        326,        45,       0,        45,            96,           3030.0,   0.594377200002782   ,   0.7699530000099912
abierto       , A*       ,   69,    50,   50,       45,                415,        416,        45,       0,        45,            96,           2128.0,   0.7740919999778271  ,   0.943147299985867
abierto       , A*       ,   70,    50,   50,       45,                255,        256,        44,       1,        45,            85,            656.0,   0.3993595000356436  ,   0.5779281999566592
abierto       , A*       ,   71,    50,   50,       45,                285,        286,        39,       6,        45,            97,           1350.0,   0.5509180999943055  ,   0.7329870000248775
abierto       , A*       ,   72,    50,   50,       45,                250,        251,        42,       3,        45,           112,            938.0,   0.4657714000204578  ,   0.6412009000196122
abierto       , A*       ,   73,    50,   50,       45,                235,        236,        44,       1,        45,            88,           1355.0,   0.39788210002006963 ,   0.5787440999993123
abierto       , A*       ,   74,    50,   50,       45,                405,        406,        45,       0,        45,            95,           1679.0,   0.5599639999563806  ,   0.7274674000218511
abierto       , A*       ,   75,    50,   50,       45,                300,        301,        45,       0,        45,            90,           2432.0,   0.5711355999810621  ,   0.7393563000368886
abierto       , A*       ,   76,    50,   50,       45,                300,        301,        45,       0,        45,            96,           1084.0,   0.5485624000430107  ,   0.7388525999849662
abierto       , A*       ,   77,    50,   50,       45,                395,        396,        45,       0,        45,            95,           1469.0,   0.5080561000504531  ,   0.6842858000309207
abierto       , A*       ,   78,    50,   50,       45,                305,        306,        44,       1,        45,            97,           1748.0,   0.45774330000858754 ,   0.631106799992267
abierto       , A*       ,   79,    50,   50,       45,                380,        381,        45,       0,        45,            91,           1455.0,   0.558372600004077   ,   0.7446940999943763
abierto       , A*       ,   80,    50,   50,       45,                240,        241,        41,       4,        45,            94,           1951.0,   0.5321830000029877  ,   0.7076728999963962
abierto       , A*       ,   81,    50,   50,       45,                395,        396,        45,       0,        45,            85,           2401.0,   0.6303861000342295  ,   0.8082342999987304
abierto       , A*       ,   82,    50,   50,       45,                290,        291,        43,       2,        45,           101,           3650.0,   0.8456253000185825  ,   1.025354299985338
abierto       , A*       ,   83,    50,   50,       45,                275,        276,        45,       0,        45,            90,           2121.0,   0.3302059000125155  ,   0.5097450000466779
abierto       , A*       ,   84,    50,   50,       45,                320,        321,        45,       0,        45,            98,           1060.0,   0.5333231000113301  ,   0.7123792999773286
abierto       , A*       ,   85,    50,   50,       45,                310,        311,        39,       6,        45,           136,            740.0,   1.2090045000077225  ,   1.3851536000147462
abierto       , A*       ,   86,    50,   50,       45,                225,        226,        44,       1,        45,            75,            381.0,   0.40461169998161495 ,   0.5812484999769367
abierto       , A*       ,   87,    50,   50,       45,                330,        331,        39,       6,        45,           114,           5392.0,   1.5073861999553628  ,   1.6849425000254996
abierto       , A*       ,   88,    50,   50,       45,                315,        316,        44,       1,        45,            90,           1853.0,   0.6028743000351824  ,   0.7800429000053555
abierto       , A*       ,   89,    50,   50,       45,                250,        251,        42,       3,        45,            96,           2191.0,   0.5847684000036679  ,   0.7581176999956369
abierto       , A*       ,   90,    50,   50,       45,                255,        256,        45,       0,        45,            79,           2446.0,   0.4342835999559611  ,   0.6147058000206016
abierto       , A*       ,   91,    50,   50,       45,                270,        271,        41,       4,        45,            90,           2313.0,   0.5323545000283048  ,   0.7080373000353575
abierto       , A*       ,   92,    50,   50,       45,                265,        266,        44,       1,        45,            74,            483.0,   0.4192222999990918  ,   0.598211300035473
abierto       , A*       ,   93,    50,   50,       45,                230,        231,        45,       0,        45,            82,           1594.0,   0.5938654000055976  ,   0.7742910999804735
abierto       , A*       ,   94,    50,   50,       45,                415,        416,        45,       0,        45,           136,           4540.0,   1.8895268999622203  ,   2.0672223000437953
abierto       , A*       ,   95,    50,   50,       45,                350,        351,        45,       0,        45,            96,           2102.0,   0.7211154999677092  ,   0.9091536000487395
abierto       , A*       ,   96,    50,   50,       45,                290,        291,        45,       0,        45,           100,           1151.0,   0.754081099992618   ,   0.9340108000324108
abierto       , A*       ,   97,    50,   50,       45,                320,        321,        45,       0,        45,            79,            863.0,   0.41574669996043667 ,   0.5930534999934025
abierto       , A*       ,   98,    50,   50,       45,                325,        326,        45,       0,        45,            85,           1596.0,   0.506928600021638   ,   0.6920388999860734
abierto       , A*       ,   99,    50,   50,       45,                395,        396,        42,       3,        45,           123,           1939.0,   0.8820894000236876  ,   1.0549796000123024
abierto       , A*       ,  100,    50,   50,       45,                245,        246,        44,       1,        45,            82,           2209.0,   0.4549115999834612  ,   0.6194021999835968
abierto       , A*       ,  101,    50,   50,       45,                320,        321,        45,       0,        45,           103,           3258.0,   0.560481000051368   ,   0.7593920999788679
abierto       , A*       ,  102,    50,   50,       45,                275,        276,        45,       0,        45,            78,           2969.0,   0.47266229998786    ,   0.6495222999947146
abierto       , A*       ,  103,    50,   50,       45,                280,        281,        40,       5,        45,            78,           1244.0,   0.36930810002377257 ,   0.5443749999976717
abierto       , A*       ,  104,    50,   50,       45,                260,        261,        45,       0,        45,            78,            595.0,   0.36313030001474544 ,   0.5423900000168942
abierto       , A*       ,  105,    50,   50,       45,                365,        366,        45,       0,        45,           101,            742.0,   0.677791399997659   ,   0.8631916999584064
abierto       , A*       ,  106,    50,   50,       45,                450,        451,        45,       0,        45,           131,           3217.0,   1.7839592000236735  ,   1.964182899973821
abierto       , A*       ,  107,    50,   50,       45,                345,        346,        45,       0,        45,            84,            504.0,   0.3308774999459274  ,   0.5121084999991581
abierto       , A*       ,  108,    50,   50,       45,                375,        376,        45,       0,        45,            80,           2459.0,   0.3285981000517495  ,   0.5085973999812268
abierto       , A*       ,  109,    50,   50,       45,                260,        261,        45,       0,        45,            80,           1504.0,   0.39172299997881055 ,   0.5629263000446372
abierto       , A*       ,  110,    50,   50,       45,                365,        366,        45,       0,        45,           112,           1648.0,   1.0155939999967813  ,   1.1885688999900594
abierto       , A*       ,  111,    50,   50,       45,                280,        281,        45,       0,        45,            80,            789.0,   0.41858569998294115 ,   0.5974749999586493
abierto       , A*       ,  112,    50,   50,       45,                375,        376,        42,       3,        45,           102,           3048.0,   0.9611063000047579  ,   1.1466851999866776
abierto       , A*       ,  113,    50,   50,       45,                330,        331,        43,       2,        45,            85,           1288.0,   0.4379635999794118  ,   0.6188606999930926
abierto       , A*       ,  114,    50,   50,       45,                365,        366,        45,       0,        45,            92,           3300.0,   0.7999682999798097  ,   0.9788612000411376
abierto       , A*       ,  115,    50,   50,       45,                320,        321,        45,       0,        45,            96,           1556.0,   0.6647589999483898  ,   0.8456875000265427
abierto       , A*       ,  116,    50,   50,       45,                325,        326,        45,       0,        45,           119,           2331.0,   1.3735586000257172  ,   1.5509889000095427
abierto       , A*       ,  117,    50,   50,       45,                310,        311,        45,       0,        45,            84,           2651.0,   0.5982388999545947  ,   0.7753858999931253
abierto       , A*       ,  118,    50,   50,       45,                305,        306,        43,       2,        45,            84,           1277.0,   0.5851989000220783  ,   0.7597142999875359
abierto       , A*       ,  119,    50,   50,       45,                265,        266,        44,       1,        45,            72,           1907.0,   0.35467400000197813 ,   0.5329310999950394
abierto       , Greedy   ,    0,    50,   50,       45,                380,        381,        45,       0,        45,           118,            789.0,   0.2858584000496194  ,   0.45268049999140203
abierto       , Greedy   ,    1,    50,   50,       45,                315,        316,        44,       1,        45,            97,            623.0,   0.10229710000567138 ,   0.27783500001532957
abierto       , Greedy   ,    2,    50,   50,       45,                395,        396,        44,       1,        45,            99,           1762.0,   0.37899590004235506 ,   0.5532482999842614
abierto       , Greedy   ,    3,    50,   50,       45,                415,        416,        44,       1,        45,           163,            855.0,   1.1699155999813229  ,   1.3448282000026666
abierto       , Greedy   ,    4,    50,   50,       45,                240,        241,        44,       1,        45,            68,           2230.0,   0.09512309997808188 ,   0.2670157999964431
abierto       , Greedy   ,    5,    50,   50,       45,                300,        301,        41,       4,        45,            90,            906.0,   0.07522990001598373 ,   0.2560630000079982
abierto       , Greedy   ,    6,    50,   50,       45,                270,        271,        44,       1,        45,            80,            920.0,   0.0703603999572806  ,   0.24267460004193708
abierto       , Greedy   ,    7,    50,   50,       45,                270,        271,        45,       0,        45,           168,            729.0,   0.5519880999927409  ,   0.7336685999762267
abierto       , Greedy   ,    8,    50,   50,       45,                305,        306,        45,       0,        45,           112,            646.0,   0.17973329999949783 ,   0.35735860001295805
abierto       , Greedy   ,    9,    50,   50,       45,                340,        341,        44,       1,        45,           103,            968.0,   0.14389760000631213 ,   0.31644759996561334
abierto       , Greedy   ,   10,    50,   50,       45,                240,        241,        43,       2,        45,            75,            424.0,   0.06944960000691935 ,   0.24457789998268709
abierto       , Greedy   ,   11,    50,   50,       45,                310,        311,        45,       0,        45,            88,           1762.0,   0.133221699972637   ,   0.33166979998350143
abierto       , Greedy   ,   12,    50,   50,       45,                255,        256,        45,       0,        45,            84,            201.0,   0.06666680000489578 ,   0.2462888000300154
abierto       , Greedy   ,   13,    50,   50,       45,                240,        241,        45,       0,        45,           108,            587.0,   0.09001270000590011 ,   0.25863569998182356
abierto       , Greedy   ,   14,    50,   50,       45,                355,        356,        45,       0,        45,            82,           1610.0,   0.07144010002957657 ,   0.2458073000307195
abierto       , Greedy   ,   15,    50,   50,       45,                225,        226,        40,       5,        45,            84,            450.0,   0.12175940000452101 ,   0.30108979996293783
abierto       , Greedy   ,   16,    50,   50,       45,                325,        326,        44,       1,        45,            86,           1285.0,   0.07312620000448078 ,   0.24625089997425675
abierto       , Greedy   ,   17,    50,   50,       45,                300,        301,        37,       8,        45,           108,           2085.0,   0.22924969997256994 ,   0.4068595000426285
abierto       , Greedy   ,   18,    50,   50,       45,                280,        281,        45,       0,        45,           131,            502.0,   0.17206999997142702 ,   0.3449347999994643
abierto       , Greedy   ,   19,    50,   50,       45,                310,        311,        45,       0,        45,           132,           1911.0,   0.46678529999917373 ,   0.6422078000032343
abierto       , Greedy   ,   20,    50,   50,       45,                240,        241,        45,       0,        45,           130,            743.0,   0.49698320002062246 ,   0.6734511000104249
abierto       , Greedy   ,   21,    50,   50,       45,                355,        356,        45,       0,        45,           105,            723.0,   0.11812619998818263 ,   0.28933759999927133
abierto       , Greedy   ,   22,    50,   50,       45,                250,        251,        15,      30,        45,            63,           2131.0,   5.867233500001021   ,   6.043761600041762
abierto       , Greedy   ,   23,    50,   50,       45,                400,        401,        45,       0,        45,            86,            413.0,   0.09040270000696182 ,   0.26655669999308884
abierto       , Greedy   ,   24,    50,   50,       45,                275,        276,        37,       8,        45,           118,            238.0,   0.6797088999883272  ,   0.849837799964007
abierto       , Greedy   ,   25,    50,   50,       45,                285,        286,        28,      17,        45,            91,            136.0,   2.1297275999677368  ,   2.3036212000297382
abierto       , Greedy   ,   26,    50,   50,       45,                280,        281,        45,       0,        45,           140,           1916.0,   0.5755989999743178  ,   0.7471900000236928
abierto       , Greedy   ,   27,    50,   50,       45,                435,        436,        45,       0,        45,           115,            271.0,   0.17643669998506084 ,   0.3577575000235811
abierto       , Greedy   ,   28,    50,   50,       45,                285,        286,        45,       0,        45,            86,           1062.0,   0.08298820001073182 ,   0.2579705999814905
abierto       , Greedy   ,   29,    50,   50,       45,                345,        346,        41,       4,        45,           117,           1640.0,   0.3643094999715686  ,   0.5464822000358254
abierto       , Greedy   ,   30,    50,   50,       45,                350,        351,        45,       0,        45,            80,           1197.0,   0.0661670999834314  ,   0.24335559998871759
abierto       , Greedy   ,   31,    50,   50,       45,                470,        471,        44,       1,        45,           142,            768.0,   0.6241572999861091  ,   0.7964944000123069
abierto       , Greedy   ,   32,    50,   50,       45,                225,        226,        45,       0,        45,            81,           1199.0,   0.07086340000387281 ,   0.23482989997137338
abierto       , Greedy   ,   33,    50,   50,       45,                235,        236,        45,       0,        45,           104,           1000.0,   0.18901169998571277 ,   0.36574259999906644
abierto       , Greedy   ,   34,    50,   50,       45,                425,        426,        45,       0,        45,           139,            409.0,   0.17597560002468526 ,   0.3503284999751486
abierto       , Greedy   ,   35,    50,   50,       45,                395,        396,        45,       0,        45,            86,            518.0,   0.07019699999364093 ,   0.24877519998699427
abierto       , Greedy   ,   36,    50,   50,       45,                285,        286,        45,       0,        45,            79,            920.0,   0.05965509999077767 ,   0.24244120001094416
abierto       , Greedy   ,   37,    50,   50,       45,                335,        336,        45,       0,        45,           117,            624.0,   0.3009450999670662  ,   0.47488769999472424
abierto       , Greedy   ,   38,    50,   50,       45,                360,        361,        45,       0,        45,            87,            878.0,   0.0771206000354141  ,   0.2634944999590516
abierto       , Greedy   ,   39,    50,   50,       45,                270,        271,        45,       0,        45,            90,           1231.0,   0.08007149997865781 ,   0.25529860000824556
abierto       , Greedy   ,   40,    50,   50,       45,                285,        286,        45,       0,        45,            93,           1796.0,   0.10867200000211596 ,   0.282755599997472
abierto       , Greedy   ,   41,    50,   50,       45,                380,        381,        45,       0,        45,           126,            689.0,   0.32365789997857064 ,   0.49725389998639
abierto       , Greedy   ,   42,    50,   50,       45,                355,        356,        45,       0,        45,           104,           1020.0,   0.11565670004347339 ,   0.3062989999889396
abierto       , Greedy   ,   43,    50,   50,       45,                265,        266,        44,       1,        45,            77,            282.0,   0.049002000014297664,   0.2259057000046596
abierto       , Greedy   ,   44,    50,   50,       45,                320,        321,        45,       0,        45,            93,           1052.0,   0.07556959998328239 ,   0.256957900011912
abierto       , Greedy   ,   45,    50,   50,       45,                245,        246,        43,       2,        45,            95,            527.0,   0.10577759996522218 ,   0.2849346000002697
abierto       , Greedy   ,   46,    50,   50,       45,                315,        316,        45,       0,        45,           115,            691.0,   0.19710670004133135 ,   0.36780130001716316
abierto       , Greedy   ,   47,    50,   50,       45,                415,        416,        45,       0,        45,           125,           1961.0,   0.16944520000834018 ,   0.34563679998973384
abierto       , Greedy   ,   48,    50,   50,       45,                345,        346,        45,       0,        45,           102,           1087.0,   0.1951802999828942  ,   0.3650035000173375
abierto       , Greedy   ,   49,    50,   50,       45,                380,        381,        45,       0,        45,            78,           1315.0,   0.06146140000782907 ,   0.2373797000036575
abierto       , Greedy   ,   50,    50,   50,       45,                255,        256,        45,       0,        45,           111,            640.0,   0.15083230001619086 ,   0.3288932999712415
abierto       , Greedy   ,   51,    50,   50,       45,                275,        276,        44,       1,        45,            71,            880.0,   0.051391799992416054,   0.22867579996818677
abierto       , Greedy   ,   52,    50,   50,       45,                325,        326,        20,      25,        45,           107,           2441.0,   1.2977780999499373  ,   1.4801301000406966
abierto       , Greedy   ,   53,    50,   50,       45,                300,        301,        42,       3,        45,           114,            602.0,   0.13437460002023727 ,   0.3030389999621548
abierto       , Greedy   ,   54,    50,   50,       45,                365,        366,        44,       1,        45,           112,           1274.0,   0.23075640003662556 ,   0.4021583999856375
abierto       , Greedy   ,   55,    50,   50,       45,                225,        226,        45,       0,        45,            82,            419.0,   0.07187699998030439 ,   0.2534233999904245
abierto       , Greedy   ,   56,    50,   50,       45,                275,        276,        42,       3,        45,            66,           1793.0,   0.04918149998411536 ,   0.22882509999908507
abierto       , Greedy   ,   57,    50,   50,       45,                400,        401,        44,       1,        45,            87,            703.0,   0.11216000001877546 ,   0.2933513000025414
abierto       , Greedy   ,   58,    50,   50,       45,                335,        336,        44,       1,        45,            88,           1830.0,   0.09758980001788586 ,   0.27207959996303543
abierto       , Greedy   ,   59,    50,   50,       45,                235,        236,        45,       0,        45,            88,            354.0,   0.07107819995144382 ,   0.24213369999779388
abierto       , Greedy   ,   60,    50,   50,       45,                365,        366,        44,       1,        45,            87,            593.0,   0.06864720000885427 ,   0.24106319999555126
abierto       , Greedy   ,   61,    50,   50,       45,                365,        366,        45,       0,        45,           143,           1868.0,   0.9845747000072151  ,   1.1531807000283152
abierto       , Greedy   ,   62,    50,   50,       45,                290,        291,        43,       2,        45,            84,            943.0,   0.0684571000165306  ,   0.2412639000103809
abierto       , Greedy   ,   63,    50,   50,       45,                340,        341,        44,       1,        45,            88,           1449.0,   0.08509899995988235 ,   0.2698573000379838
abierto       , Greedy   ,   64,    50,   50,       45,                335,        336,        44,       1,        45,           115,            485.0,   0.1775904999813065  ,   0.3499077999731526
abierto       , Greedy   ,   65,    50,   50,       45,                370,        371,        45,       0,        45,           144,           1553.0,   0.5545371000189334  ,   0.7356224000104703
abierto       , Greedy   ,   66,    50,   50,       45,                300,        301,        45,       0,        45,           116,            863.0,   0.13056290004169568 ,   0.3106392999761738
abierto       , Greedy   ,   67,    50,   50,       45,                250,        251,        45,       0,        45,            84,            519.0,   0.05621690000407398 ,   0.23874509998131543
abierto       , Greedy   ,   68,    50,   50,       45,                325,        326,        45,       0,        45,           102,            456.0,   0.1499684999580495  ,   0.3277756000170484
abierto       , Greedy   ,   69,    50,   50,       45,                415,        416,        45,       0,        45,           124,            622.0,   0.18176349997520447 ,   0.35219010000582784
abierto       , Greedy   ,   70,    50,   50,       45,                255,        256,        44,       1,        45,            77,            574.0,   0.05062619998352602 ,   0.2288096999982372
abierto       , Greedy   ,   71,    50,   50,       45,                285,        286,        39,       6,        45,           107,            865.0,   0.0739678000099957  ,   0.25546259997645393
abierto       , Greedy   ,   72,    50,   50,       45,                250,        251,        41,       4,        45,           118,           1074.0,   0.07190410001203418 ,   0.24706900003366172
abierto       , Greedy   ,   73,    50,   50,       45,                235,        236,        44,       1,        45,            80,           1437.0,   0.06879540003137663 ,   0.24668280000332743
abierto       , Greedy   ,   74,    50,   50,       45,                405,        406,        45,       0,        45,           125,            871.0,   0.21019640000304207 ,   0.4062592000118457
abierto       , Greedy   ,   75,    50,   50,       45,                300,        301,        45,       0,        45,            92,           1948.0,   0.07857369998237118 ,   0.2460834999801591
abierto       , Greedy   ,   76,    50,   50,       45,                300,        301,        45,       0,        45,            88,            748.0,   0.0731285999645479  ,   0.2574159000068903
abierto       , Greedy   ,   77,    50,   50,       45,                395,        396,        44,       1,        45,            90,           1593.0,   0.07351809996180236 ,   0.25071890000253916
abierto       , Greedy   ,   78,    50,   50,       45,                305,        306,        44,       1,        45,            89,            902.0,   0.10347610001917928 ,   0.27700499998172745
abierto       , Greedy   ,   79,    50,   50,       45,                380,        381,        45,       0,        45,            89,            940.0,   0.07530169998062775 ,   0.25349129998357967
abierto       , Greedy   ,   80,    50,   50,       45,                240,        241,        41,       4,        45,            90,           1814.0,   0.1253768999595195  ,   0.30105639999965206
abierto       , Greedy   ,   81,    50,   50,       45,                395,        396,        45,       0,        45,            99,            504.0,   0.181807899964042   ,   0.3601051999721676
abierto       , Greedy   ,   82,    50,   50,       45,                290,        291,        43,       2,        45,           129,           1440.0,   0.290992800029926   ,   0.47113829996669665
abierto       , Greedy   ,   83,    50,   50,       45,                275,        276,        45,       0,        45,            86,           1795.0,   0.06479059997946024 ,   0.24491350003518164
abierto       , Greedy   ,   84,    50,   50,       45,                320,        321,        45,       0,        45,            98,            981.0,   0.08076270000310615 ,   0.26256639999337494
abierto       , Greedy   ,   85,    50,   50,       45,                310,        311,        38,       7,        45,           166,            306.0,   0.2000772000174038  ,   0.3749911999912001
abierto       , Greedy   ,   86,    50,   50,       45,                225,        226,        44,       1,        45,            73,            253.0,   0.051520699984394014,   0.23056009999709204
abierto       , Greedy   ,   87,    50,   50,       45,                330,        331,        45,       0,        45,           112,           3241.0,   0.5915415000054054  ,   0.7604700000374578
abierto       , Greedy   ,   88,    50,   50,       45,                315,        316,        44,       1,        45,           102,            804.0,   0.1606265000300482  ,   0.34090979996835813
abierto       , Greedy   ,   89,    50,   50,       45,                250,        251,        43,       2,        45,            96,            852.0,   0.1323349999729544  ,   0.3082524999626912
abierto       , Greedy   ,   90,    50,   50,       45,                255,        256,        45,       0,        45,            83,           1136.0,   0.08357429999159649 ,   0.2634432999766432
abierto       , Greedy   ,   91,    50,   50,       45,                270,        271,        44,       1,        45,            88,           1841.0,   0.09396359999664128 ,   0.2703887000097893
abierto       , Greedy   ,   92,    50,   50,       45,                265,        266,        44,       1,        45,            91,            287.0,   0.06663150002714247 ,   0.24345899996114895
abierto       , Greedy   ,   93,    50,   50,       45,                230,        231,        45,       0,        45,            78,            805.0,   0.0910565999802202  ,   0.2666078000329435
abierto       , Greedy   ,   94,    50,   50,       45,                415,        416,        45,       0,        45,           169,           1809.0,   1.5068511000135913  ,   1.6829497999860905
abierto       , Greedy   ,   95,    50,   50,       45,                350,        351,        45,       0,        45,            94,            768.0,   0.09299219999229535 ,   0.2827736000181176
abierto       , Greedy   ,   96,    50,   50,       45,                290,        291,        45,       0,        45,            98,           1074.0,   0.10167360003106296 ,   0.2803546999930404
abierto       , Greedy   ,   97,    50,   50,       45,                320,        321,        45,       0,        45,            77,            666.0,   0.06727030000183731 ,   0.2510368999792263
abierto       , Greedy   ,   98,    50,   50,       45,                325,        326,        45,       0,        45,            95,           1370.0,   0.11447739996947348 ,   0.3042567999800667
abierto       , Greedy   ,   99,    50,   50,       45,                395,        396,        41,       4,        45,           149,            744.0,   0.2899432000122033  ,   0.4658573999768123
abierto       , Greedy   ,  100,    50,   50,       45,                245,        246,        44,       1,        45,            94,            467.0,   0.09832400002051145 ,   0.2664554000366479
abierto       , Greedy   ,  101,    50,   50,       45,                320,        321,        45,       0,        45,            91,           1947.0,   0.13684160000411794 ,   0.31217729998752475
abierto       , Greedy   ,  102,    50,   50,       45,                275,        276,        45,       0,        45,           115,            621.0,   0.27661699999589473 ,   0.45067190000554547
abierto       , Greedy   ,  103,    50,   50,       45,                280,        281,        39,       6,        45,            82,           1326.0,   0.07388679997529835 ,   0.2505428000004031
abierto       , Greedy   ,  104,    50,   50,       45,                260,        261,        45,       0,        45,            74,            287.0,   0.05267250002361834 ,   0.23381880001397803
abierto       , Greedy   ,  105,    50,   50,       45,                365,        366,        45,       0,        45,           122,            501.0,   0.10118070000316948 ,   0.3042081000166945
abierto       , Greedy   ,  106,    50,   50,       45,                450,        451,        45,       0,        45,           115,           2027.0,   0.7323767000343651  ,   0.9123439000104554
abierto       , Greedy   ,  107,    50,   50,       45,                345,        346,        45,       0,        45,            80,            289.0,   0.05380570003762841 ,   0.23158500000135973
abierto       , Greedy   ,  108,    50,   50,       45,                375,        376,        45,       0,        45,            74,           1318.0,   0.062220799969509244,   0.2468395999749191
abierto       , Greedy   ,  109,    50,   50,       45,                260,        261,        44,       1,        45,            74,           1073.0,   0.05152530001942068 ,   0.22235419997014105
abierto       , Greedy   ,  110,    50,   50,       45,                365,        366,        44,       1,        45,           108,            917.0,   0.25651909998850897 ,   0.43989340000553057
abierto       , Greedy   ,  111,    50,   50,       45,                280,        281,        45,       0,        45,            78,            602.0,   0.05658849998144433 ,   0.23494390002451837
abierto       , Greedy   ,  112,    50,   50,       45,                375,        376,        42,       3,        45,           129,           1648.0,   0.5443521999986842  ,   0.7243772000074387
abierto       , Greedy   ,  113,    50,   50,       45,                330,        331,        44,       1,        45,            85,           1345.0,   0.07085519999964163 ,   0.2528264000429772
abierto       , Greedy   ,  114,    50,   50,       45,                365,        366,        45,       0,        45,           116,           1631.0,   0.2558253000024706  ,   0.4323621999938041
abierto       , Greedy   ,  115,    50,   50,       45,                320,        321,        45,       0,        45,            98,            878.0,   0.09707180003169924 ,   0.28892920003272593
abierto       , Greedy   ,  116,    50,   50,       45,                325,        326,        36,       9,        45,           114,           2262.0,   1.2910311000305228  ,   1.4705908999894746
abierto       , Greedy   ,  117,    50,   50,       45,                310,        311,        45,       0,        45,            80,           1984.0,   0.10505969997029752 ,   0.2814426999539137
abierto       , Greedy   ,  118,    50,   50,       45,                305,        306,        40,       5,        45,            88,           1009.0,   0.1137106999522075  ,   0.2899659000104293
abierto       , Greedy   ,  119,    50,   50,       45,                265,        266,        44,       1,        45,            80,            652.0,   0.07553529995493591 ,   0.25236210000002757
abierto       , Genetico ,    0,    50,   50,       45,                380,        381,        42,       3,        45,           293,            253.0,  96.43314650002867    ,  96.60451979999198
abierto       , Genetico ,    1,    50,   50,       45,                315,        316,        38,       7,        45,           225,             27.0,  76.64316289999988    ,  76.82588369998848
abierto       , Genetico ,    2,    50,   50,       45,                395,        396,        45,       0,        45,           338,            234.0, 112.3171761999838     , 112.49513519997708
abierto       , Genetico ,    3,    50,   50,       45,                415,        416,        44,       1,        45,           372,            312.0, 102.17168000002857    , 102.35210159997223
abierto       , Genetico ,    4,    50,   50,       45,                240,        241,        44,       1,        45,           207,             36.0,  66.91704520001076    ,  67.08882150001591
abierto       , Genetico ,    5,    50,   50,       45,                300,        301,        45,       0,        45,           242,             33.0,  86.33481400000164    ,  86.52081890002592
abierto       , Genetico ,    6,    50,   50,       45,                270,        271,        45,       0,        45,           247,              0.0,  79.34563659998821    ,  79.52050479996251
abierto       , Genetico ,    7,    50,   50,       45,                270,        271,        19,      26,        45,           226,             37.0,  67.03613979998045    ,  67.21887350000907
abierto       , Genetico ,    8,    50,   50,       45,                305,        306,        45,       0,        45,           229,             59.0,  79.91934469999978    ,  80.0987429000088
abierto       , Genetico ,    9,    50,   50,       45,                340,        341,        38,       7,        45,           283,             52.0,  88.36354549997486    ,  88.54458779998822
abierto       , Genetico ,   10,    50,   50,       45,                240,        241,        36,       9,        45,           169,             27.0,  59.81161820003763    ,  59.98779410001589
abierto       , Genetico ,   11,    50,   50,       45,                310,        311,        45,       0,        45,           256,            119.0,  87.16563349997159    ,  87.34479610004928
abierto       , Genetico ,   12,    50,   50,       45,                255,        256,        45,       0,        45,           202,              0.0,  72.11477679997915    ,  72.29499540000688
abierto       , Genetico ,   13,    50,   50,       45,                240,        241,        43,       2,        45,           224,             13.0,  64.87413090001792    ,  65.04381050000666
abierto       , Genetico ,   14,    50,   50,       45,                355,        356,        45,       0,        45,           301,             23.0, 101.56223360000877    , 101.73564269999042
abierto       , Genetico ,   15,    50,   50,       45,                225,        226,        42,       3,        45,           174,             83.0,  62.58325700002024    ,  62.7589112999849
abierto       , Genetico ,   16,    50,   50,       45,                325,        326,        45,       0,        45,           231,              2.0,  84.59351450001122    ,  84.77169769996544
abierto       , Genetico ,   17,    50,   50,       45,                300,        301,        39,       6,        45,           238,             69.0,  80.6875264000264     ,  80.86988349998137
abierto       , Genetico ,   18,    50,   50,       45,                280,        281,        43,       2,        45,           243,             20.0,  77.41824329999508    ,  77.59365319996141
abierto       , Genetico ,   19,    50,   50,       45,                310,        311,        43,       2,        45,           289,            220.0,  81.20871949999128    ,  81.38776469998993
abierto       , Genetico ,   20,    50,   50,       45,                240,        241,        33,      12,        45,           224,            285.0,  63.212534599995706   ,  63.3859981999849
abierto       , Genetico ,   21,    50,   50,       45,                355,        356,        45,       0,        45,           262,             13.0,  95.96175319998292    ,  96.1310330000124
abierto       , Genetico ,   22,    50,   50,       45,                250,        251,        15,      30,        45,           159,             31.0,  51.7525574999745     ,  51.93261760001769
abierto       , Genetico ,   23,    50,   50,       45,                400,        401,        45,       0,        45,           283,             15.0, 113.94434339995496    , 114.12428139999975
abierto       , Genetico ,   24,    50,   50,       45,                275,        276,        27,      18,        45,           207,             66.0,  68.90614410000853    ,  69.07774680003058
abierto       , Genetico ,   25,    50,   50,       45,                285,        286,        23,      22,        45,           222,              0.0,  67.47806979995221    ,  67.65632639999967
abierto       , Genetico ,   26,    50,   50,       45,                280,        281,        36,       9,        45,           244,            254.0,  76.0176145999576     ,  76.19354209996527
abierto       , Genetico ,   27,    50,   50,       45,                435,        436,        45,       0,        45,           287,             19.0, 119.99192130001029    , 120.17838830000255
abierto       , Genetico ,   28,    50,   50,       45,                285,        286,        45,       0,        45,           255,             16.0,  79.97752480005147    ,  80.15524170000572
abierto       , Genetico ,   29,    50,   50,       45,                345,        346,        45,       0,        45,           278,             96.0,  93.21370709995972    ,  93.40097090002382
abierto       , Genetico ,   30,    50,   50,       45,                350,        351,        45,       0,        45,           262,              3.0,  98.03284180001356    ,  98.21091990004061
abierto       , Genetico ,   31,    50,   50,       45,                470,        471,        44,       1,        45,           422,            291.0, 128.10474239999894    , 128.2805729000247
abierto       , Genetico ,   32,    50,   50,       45,                225,        226,        44,       1,        45,           184,             17.0,  64.54986530001042    ,  64.71567770000547
abierto       , Genetico ,   33,    50,   50,       45,                235,        236,        33,      12,        45,           175,            110.0,  64.51482659997419    ,  64.6959650000208
abierto       , Genetico ,   34,    50,   50,       45,                425,        426,        45,       0,        45,           299,             28.0, 112.13182789995335    , 112.30789890000597
abierto       , Genetico ,   35,    50,   50,       45,                395,        396,        45,       0,        45,           293,             11.0, 105.22737269999925    , 105.41092269995715
abierto       , Genetico ,   36,    50,   50,       45,                285,        286,        45,       0,        45,           198,             32.0,  80.56112339999527    ,  80.74376380001195
abierto       , Genetico ,   37,    50,   50,       45,                335,        336,        43,       2,        45,           306,            114.0,  90.42729739996139    ,  90.6041332000168
abierto       , Genetico ,   38,    50,   50,       45,                360,        361,        43,       2,        45,           275,             56.0,  98.91189300001133    ,  99.09023940004408
abierto       , Genetico ,   39,    50,   50,       45,                270,        271,        45,       0,        45,           205,             48.0,  75.73223209998105    ,  75.9140677000396
abierto       , Genetico ,   40,    50,   50,       45,                285,        286,        45,       0,        45,           238,             47.0,  84.66991340002278    ,  84.844518399972
abierto       , Genetico ,   41,    50,   50,       45,                380,        381,        43,       2,        45,           326,            291.0, 102.9643813999719     , 103.13990359997842
abierto       , Genetico ,   42,    50,   50,       45,                355,        356,        45,       0,        45,           288,            101.0,  99.44443560001673    ,  99.61564530001488
abierto       , Genetico ,   43,    50,   50,       45,                265,        266,        45,       0,        45,           220,             21.0,  77.63827399996808    ,  77.81904680002481
abierto       , Genetico ,   44,    50,   50,       45,                320,        321,        45,       0,        45,           236,              6.0,  84.01690250000684    ,  84.20395410002675
abierto       , Genetico ,   45,    50,   50,       45,                245,        246,        44,       1,        45,           219,             15.0,  71.35221159999492    ,  71.52032160002273
abierto       , Genetico ,   46,    50,   50,       45,                315,        316,        44,       1,        45,           298,            186.0,  86.318459000031      ,  86.49433279997902
abierto       , Genetico ,   47,    50,   50,       45,                415,        416,        45,       0,        45,           311,             78.0, 111.82009240001207    , 111.99888009997085
abierto       , Genetico ,   48,    50,   50,       45,                345,        346,        45,       0,        45,           306,             62.0,  96.64777119999053    ,  96.82036780001363
abierto       , Genetico ,   49,    50,   50,       45,                380,        381,        45,       0,        45,           290,              3.0, 108.23477780004032    , 108.41462440002942
abierto       , Genetico ,   50,    50,   50,       45,                255,        256,        38,       7,        45,           187,            154.0,  62.18907239998225    ,  62.36888620001264
abierto       , Genetico ,   51,    50,   50,       45,                275,        276,        45,       0,        45,           213,              0.0,  78.40136389998952    ,  78.58300139999483
abierto       , Genetico ,   52,    50,   50,       45,                325,        326,        15,      30,        45,           228,             74.0,  58.45508599997265    ,  58.63252880005166
abierto       , Genetico ,   53,    50,   50,       45,                300,        301,        44,       1,        45,           235,             45.0,  77.8969994999934     ,  78.07141620002221
abierto       , Genetico ,   54,    50,   50,       45,                365,        366,        44,       1,        45,           304,            108.0,  92.8654816999915     ,  93.03991300001508
abierto       , Genetico ,   55,    50,   50,       45,                225,        226,        43,       2,        45,           208,             10.0,  65.7100974000059     ,  65.88524989999132
abierto       , Genetico ,   56,    50,   50,       45,                275,        276,        45,       0,        45,           204,              6.0,  78.21326250000857    ,  78.39213549997658
abierto       , Genetico ,   57,    50,   50,       45,                400,        401,        45,       0,        45,           272,             35.0, 108.25178990000859    , 108.43581110000378
abierto       , Genetico ,   58,    50,   50,       45,                335,        336,        45,       0,        45,           298,            122.0,  96.45800539996708    ,  96.63445110002067
abierto       , Genetico ,   59,    50,   50,       45,                235,        236,        45,       0,        45,           214,              1.0,  70.20708800002467    ,  70.39215000002878
abierto       , Genetico ,   60,    50,   50,       45,                365,        366,        44,       1,        45,           285,             40.0, 100.88786790001905    , 101.06104249996133
abierto       , Genetico ,   61,    50,   50,       45,                365,        366,        36,       9,        45,           298,            571.0,  87.9025144999614     ,  88.07123270002194
abierto       , Genetico ,   62,    50,   50,       45,                290,        291,        44,       1,        45,           235,             30.0,  82.3267822000198     ,  82.50106430001324
abierto       , Genetico ,   63,    50,   50,       45,                340,        341,        45,       0,        45,           246,              4.0,  89.92803979996825    ,  90.1246947000036
abierto       , Genetico ,   64,    50,   50,       45,                335,        336,        42,       3,        45,           261,             67.0,  80.20494139997754    ,  80.37977539998246
abierto       , Genetico ,   65,    50,   50,       45,                370,        371,        40,       5,        45,           349,            165.0,  92.73207480000565    ,  92.9127029000083
abierto       , Genetico ,   66,    50,   50,       45,                300,        301,        44,       1,        45,           281,             19.0,  87.12748060002923    ,  87.31063590000849
abierto       , Genetico ,   67,    50,   50,       45,                250,        251,        45,       0,        45,           193,             18.0,  71.81198890000815    ,  71.99955720000435
abierto       , Genetico ,   68,    50,   50,       45,                325,        326,        45,       0,        45,           230,              8.0,  86.13549770001555    ,  86.3135441999766
abierto       , Genetico ,   69,    50,   50,       45,                415,        416,        45,       0,        45,           296,             16.0, 111.16972250002436    , 111.33937509998213
abierto       , Genetico ,   70,    50,   50,       45,                255,        256,        45,       0,        45,           193,             19.0,  73.46352649998153    ,  73.64380910003092
abierto       , Genetico ,   71,    50,   50,       45,                285,        286,        45,       0,        45,           213,              4.0,  74.94147630000953    ,  75.12322160002077
abierto       , Genetico ,   72,    50,   50,       45,                250,        251,        42,       3,        45,           205,             12.0,  67.30778160004411    ,  67.49058869999135
abierto       , Genetico ,   73,    50,   50,       45,                235,        236,        44,       1,        45,           190,             51.0,  68.71099150000373    ,  68.88901560002705
abierto       , Genetico ,   74,    50,   50,       45,                405,        406,        45,       0,        45,           349,             79.0, 112.49870130000636    , 112.66529269999592
abierto       , Genetico ,   75,    50,   50,       45,                300,        301,        45,       0,        45,           240,             27.0,  82.6878837000113     ,  82.85728970001219
abierto       , Genetico ,   76,    50,   50,       45,                300,        301,        45,       0,        45,           251,              3.0,  84.60544810001738    ,  84.79812039999524
abierto       , Genetico ,   77,    50,   50,       45,                395,        396,        44,       1,        45,           290,              0.0, 107.08222959999694    , 107.26457659999141
abierto       , Genetico ,   78,    50,   50,       45,                305,        306,        45,       0,        45,           252,             45.0,  85.99728469998809    ,  86.17163029999938
abierto       , Genetico ,   79,    50,   50,       45,                380,        381,        45,       0,        45,           264,             28.0, 106.22158000001218    , 106.40197710000211
abierto       , Genetico ,   80,    50,   50,       45,                240,        241,        39,       6,        45,           233,             36.0,  68.23104640003294    ,  68.41191329999128
abierto       , Genetico ,   81,    50,   50,       45,                395,        396,        45,       0,        45,           355,             37.0, 115.83963840000797    , 116.02177039999515
abierto       , Genetico ,   82,    50,   50,       45,                290,        291,        35,      10,        45,           237,            244.0,  68.30307690001791    ,  68.48086970002623
abierto       , Genetico ,   83,    50,   50,       45,                275,        276,        43,       2,        45,           227,             47.0,  77.70632190001197    ,  77.88804619997973
abierto       , Genetico ,   84,    50,   50,       45,                320,        321,        44,       1,        45,           271,              5.0,  88.88076969998656    ,  89.06228709995048
abierto       , Genetico ,   85,    50,   50,       45,                310,        311,        39,       6,        45,           233,             28.0,  79.81642570003169    ,  80.0033901000279
abierto       , Genetico ,   86,    50,   50,       45,                225,        226,        45,       0,        45,           198,              2.0,  66.58454879996134    ,  66.76279800001066
abierto       , Genetico ,   87,    50,   50,       45,                330,        331,        13,      32,        45,           283,            389.0,  63.114228299993556   ,  63.28816450003069
abierto       , Genetico ,   88,    50,   50,       45,                315,        316,        45,       0,        45,           269,             71.0,  88.72680950001813    ,  88.90708739997353
abierto       , Genetico ,   89,    50,   50,       45,                250,        251,        38,       7,        45,           189,             48.0,  66.52560519997496    ,  66.7281397000188
abierto       , Genetico ,   90,    50,   50,       45,                255,        256,        45,       0,        45,           199,             40.0,  70.72808919998351    ,  70.9085598999518
abierto       , Genetico ,   91,    50,   50,       45,                270,        271,        42,       3,        45,           228,             18.0,  75.28378359996714    ,  75.46411320002517
abierto       , Genetico ,   92,    50,   50,       45,                265,        266,        45,       0,        45,           235,             21.0,  77.54821610002546    ,  77.72899190004682
abierto       , Genetico ,   93,    50,   50,       45,                230,        231,        44,       1,        45,           184,            112.0,  64.46971849998226    ,  64.64467570005218
abierto       , Genetico ,   94,    50,   50,       45,                415,        416,        32,      13,        45,           373,            510.0, 109.02211560000433    , 109.20314990001498
abierto       , Genetico ,   95,    50,   50,       45,                350,        351,        45,       0,        45,           263,             38.0,  93.90588289999869    ,  94.09938119997969
abierto       , Genetico ,   96,    50,   50,       45,                290,        291,        44,       1,        45,           233,             19.0,  74.68164690001868    ,  74.86229059996549
abierto       , Genetico ,   97,    50,   50,       45,                320,        321,        45,       0,        45,           268,             29.0,  91.20687299995916    ,  91.3931203999673
abierto       , Genetico ,   98,    50,   50,       45,                325,        326,        45,       0,        45,           247,             43.0,  92.54142610001145    ,  92.72966529999394
abierto       , Genetico ,   99,    50,   50,       45,                395,        396,        39,       6,        45,           337,             36.0,  99.8139428999857     ,  99.99005910003325
abierto       , Genetico ,  100,    50,   50,       45,                245,        246,        43,       2,        45,           212,             13.0,  74.01950240001315    ,  74.18696310004452
abierto       , Genetico ,  101,    50,   50,       45,                320,        321,        41,       4,        45,           267,             84.0,  86.62814010004513    ,  86.80765889998293
abierto       , Genetico ,  102,    50,   50,       45,                275,        276,        42,       3,        45,           254,             76.0,  77.75803790002828    ,  77.93415639997693
abierto       , Genetico ,  103,    50,   50,       45,                280,        281,        39,       6,        45,           220,              0.0,  72.56407959997887    ,  72.75182339997264
abierto       , Genetico ,  104,    50,   50,       45,                260,        261,        45,       0,        45,           202,             24.0,  76.99232680001296    ,  77.17033440002706
abierto       , Genetico ,  105,    50,   50,       45,                365,        366,        45,       0,        45,           232,             33.0,  94.40394420002121    ,  94.58644990000175
abierto       , Genetico ,  106,    50,   50,       45,                450,        451,        45,       0,        45,           377,            166.0, 114.32724999997299    , 114.51159130001906
abierto       , Genetico ,  107,    50,   50,       45,                345,        346,        44,       1,        45,           254,             27.0,  96.9855297000031     ,  97.16458419995615
abierto       , Genetico ,  108,    50,   50,       45,                375,        376,        45,       0,        45,           309,              0.0, 107.52969409996876    , 107.71194489998743
abierto       , Genetico ,  109,    50,   50,       45,                260,        261,        45,       0,        45,           224,             20.0,  73.6201696000062     ,  73.7937227000366
abierto       , Genetico ,  110,    50,   50,       45,                365,        366,        42,       3,        45,           290,             83.0,  92.66711939999368    ,  92.84215059998678
abierto       , Genetico ,  111,    50,   50,       45,                280,        281,        45,       0,        45,           213,              4.0,  79.06696059997194    ,  79.25156609999249
abierto       , Genetico ,  112,    50,   50,       45,                375,        376,        45,       0,        45,           318,            211.0, 103.55008559999987    , 103.73533070000121
abierto       , Genetico ,  113,    50,   50,       45,                330,        331,        44,       1,        45,           277,              3.0,  92.18539970001439    ,  92.39430779998656
abierto       , Genetico ,  114,    50,   50,       45,                365,        366,        45,       0,        45,           348,            114.0, 104.33906999998726    , 104.52180930000031
abierto       , Genetico ,  115,    50,   50,       45,                320,        321,        45,       0,        45,           234,              1.0,  83.03376280004159    ,  83.21922950004227
abierto       , Genetico ,  116,    50,   50,       45,                325,        326,        35,      10,        45,           243,            353.0,  74.50529900001129    ,  74.69496910000453
abierto       , Genetico ,  117,    50,   50,       45,                310,        311,        44,       1,        45,           245,             88.0,  88.26159109995933    ,  88.4391851000255
abierto       , Genetico ,  118,    50,   50,       45,                305,        306,        42,       3,        45,           219,             53.0,  82.42422610003268    ,  82.60886950005079
abierto       , Genetico ,  119,    50,   50,       45,                265,        266,        45,       0,        45,           205,             13.0,  74.05748359998688    ,  74.23107839998556
